Job Title,Job Experience Required,Location,Functional Area,Industry,Role,Longitude,Latitude,sal
 Digital Media Planner,5 - 10 yrs,Mumbai,"Marketing , Advertising , MR , PR , Media Planning","Advertising, PR, MR, Event Management",Media Planning Executive/Manager,72.8773928,19.075989899999996,3855
 Online Bidding Executive,2 - 5 yrs,"Pune,Pune","Sales , Retail , Business Development","IT-Software, Software Services",Sales Executive/Officer,73.8544541,18.521428,2639
 Trainee Research/ Research Executive- Hi- Tech Operations,0 - 1 yrs,Gurgaon,"Engineering Design , R&D","Recruitment, Staffing",R&D Executive,77.00270015,28.42826235,2156
 Technical Support,0 - 5 yrs,Mumbai,"IT Software - Application Programming , Maintenance","IT-Software, Software Services",Technical Support Engineer,72.8773928,19.075989899999996,4059
 Software Test Engineer -hyderabad,2 - 5 yrs,Hyderabad,IT Software - QA & Testing,"IT-Software, Software Services",Testing Engineer,78.4740613,17.360589,5347
 Opening For Adobe Analytics Specialist,5 - 7 yrs,Pune,"IT Software - Application Programming , Maintenance","IT-Software, Software Services",System Analyst,73.8544541,18.521428,4838
 Sales- Fresher-for Leading Property Consultant,0 - 0 yrs,Bengaluru,"Sales , Retail , Business Development","Real Estate, Property",Sales Executive/Officer,77.590082,12.9767936,2585
 Opportunity For Azure Devops Architect For Hyderabad Location,9 - 14 yrs,Hyderabad,"IT Software - Application Programming , Maintenance","IT-Software, Software Services",Technical Architect,78.4740613,17.360589,3914
 BDE- PUNE,2 - 7 yrs,Pune,"Sales , Retail , Business Development","IT-Software, Software Services",Sales Executive/Officer,73.8544541,18.521428,2111
 Technical Support/ Product Support,1 - 5 yrs,Bengaluru,"ITES , BPO , KPO , LPO , Customer Service , Operations","IT-Software, Software Services",Associate/Senior Associate -(Technical),77.590082,12.9767936,2359
 Executive Assistant To Chairman,5 - 10 yrs,Mumbai,"Strategy , Management Consulting , Corporate Planning","Courier, Transportation, Freight , Warehousing",Corporate Planning/Strategy Manager,72.8773928,19.075989899999996,5569
 SEO Executive,1 - 6 yrs,"Noida,Delhi,Noida/Greater Noida","IT Software - eCommerce , Internet Technologies","IT-Software, Software Services",Webmaster,77.5545502,28.390017699999998,2167
 Workflow Coordinator,2 - 7 yrs,"Delhi,Delhi","ITES , BPO , KPO , LPO , Customer Service , Operations","BPO, Call Centre, ITeS",Process Flow Analyst,77.22193879999999,28.6517178,2063
 Looking Facebook /social Media Manager For our Digital Marketing Ageny,2 - 4 yrs,Gurgaon,"Marketing , Advertising , MR , PR , Media Planning","Advertising, PR, MR, Event Management",Social Media Marketing Manager,77.00270015,28.42826235,6979
 Wanted Engineering Fresher For MNC Chennai,0 - 1 yrs,Chennai,Other,Other,Other,80.270186,13.0836939,1513
 Tooling &amp; Sampling,2 - 7 yrs,Faridabad,"Engineering Design , R&D","Industrial Products, Heavy Machinery",Senior Design Engineer,77.3105561,28.4031478,6622
 Account Manager,3 - 7 yrs,Mumbai,"Accounts , Finance , Tax , Company Secretary , Audit","IT-Software, Software Services",Accounts Manager,72.8773928,19.075989899999996,5324
 Magento Developer,2 - 7 yrs,Ahmedabad,"IT Software - eCommerce , Internet Technologies","Textiles, Garments, Accessories",Software Developer,72.5797068,23.0216238,6891
 Looking For Trained Freshers in MS Dynamics CRM- Hyderabad,0 - 3 yrs,Hyderabad,"IT Software - Application Programming , Maintenance","IT-Software, Software Services",Software Developer,78.4740613,17.360589,6493
 Business Development / Corporate Sales,0 - 4 yrs,Delhi NCR,"Sales , Retail , Business Development","IT-Software, Software Services",Sales/Business Development Manager,77.12121479999999,28.688243800000002,1564
 Business Development Manager (BDM),2 - 5 yrs,"Delhi,Delhi","Sales , Retail , Business Development","IT-Software, Software Services",Sales/Business Development Manager,77.22193879999999,28.6517178,5439
 QA Executive,2 - 5 yrs,Hyderabad,IT Software - QA & Testing,"Pharma, Biotech, Clinical Research",Quality Assurance/Quality Control Executive,78.4740613,17.360589,5434
 Back End Java Developer - Restful Services/soap,6 - 8 yrs,Bengaluru,"IT Software - DBA , Datawarehousing","IT-Software, Software Services",Software Developer,77.590082,12.9767936,4114
 Product Engineer,4 - 9 yrs,Bengaluru,"IT Software - Application Programming , Maintenance","IT-Software, Software Services",Software Developer,77.590082,12.9767936,4897
 Opening For Articulate tool Developer - Articulate / Captivate)chennai,3 - 5 yrs,Chennai,"IT Software - Application Programming , Maintenance","Animation, Gaming",Graphic/Web Designer,80.270186,13.0836939,4626
 Urgent Hiring for Area Sales Manager,7 - 12 yrs,"Ambala,Gurgaon","Sales , Retail , Business Development","FMCG, Foods, Beverage",Area Sales Manager,76.770421,30.3843674,1724
 Software Engineer - C++ Development - Ooad/oops,4 - 9 yrs,Chennai,"IT Software - Application Programming , Maintenance","IT-Software, Software Services",Software Developer,80.270186,13.0836939,4562
 Linux Administrator Lead,5 - 10 yrs,"Gurgaon,Gurgaon","IT Software - Network Administration , Security","IT-Software, Software Services",System Administrator,77.00270015,28.42826235,5425
 Hiring for Tech Pm/scrum Master for Hyderabad Location,8 - 10 yrs,Hyderabad,"IT Software - Application Programming , Maintenance","IT-Software, Software Services",Project Manager-IT/Software,78.4740613,17.360589,5286
 US Based Financial Company Looking For Java API Engineers For HYD,6 - 8 yrs,Hyderabad,"IT Software - Application Programming , Maintenance","IT-Software, Software Services",Software Developer,78.4740613,17.360589,5198
 Strong Partner Ecosystem,2 - 7 yrs,Noida,"IT Software - Application Programming , Maintenance","IT-Software, Software Services",Project Lead,77.3271074,28.5707841,4494
 Wordpress Web Developer,3 - 6 yrs,Bengaluru,"IT Software - Application Programming , Maintenance","Recruitment, Staffing",Software Developer,77.590082,12.9767936,4689
 Senior Executive- Contract Logistics- Bom WP-A,2 - 5 yrs,Mumbai,Purchase / Logistics / Supply Chain,"Courier, Transportation, Freight , Warehousing",Logistics Executive,72.8773928,19.075989899999996,3815
 Accounts Manager,2 - 3 yrs,Mumbai,"Accounts , Finance , Tax , Company Secretary , Audit","Security, Law Enforcement",Accounts Executive/Accountant,72.8773928,19.075989899999996,3252
 Technical Sales Executive with fixed pay & lucrative incentives/UK Inb,0 - 3 yrs,Kolkata,"ITES , BPO , KPO , LPO , Customer Service , Operations","IT-Software, Software Services",Associate/Senior Associate -(NonTechnical),88.35769124,22.5414185,3087
 nutanix sme ,15 - 20 yrs,Bengaluru,"IT Hardware , Technical Support , Telecom Engineering","IT-Software, Software Services",Technical Support Manager,77.590082,12.9767936,1965
 System Architect - 3g/4g Wireless Network Architecture & Migration,10 - 16 yrs,Mumbai,"IT Software - Network Administration , Security","IT-Software, Software Services",Technical Architect,72.8773928,19.075989899999996,3883
"Excellent Opportunity For ” Linux Device Driver ” ,for Hyderabad and Ban", 2 - 7 Years," Hyderabad, Bengaluru","IT Software - Application Programming , Maintenance",IT-Software / Software Services,Software Developer,77.63703840000001,13.023330999999999,5273
 Java Developer,6 - 8 yrs,Pune,Other,Other,Other,73.8544541,18.521428,4087
 Regional Representative,0 - 3 yrs,Noida,"Sales , Retail , Business Development","IT-Software, Software Services",Sales/Business Development Manager,77.3271074,28.5707841,4615
 Hiring For Record To Report,1 - 4 yrs,"Gurgaon,Noida","ITES , BPO , KPO , LPO , Customer Service , Operations","BPO, Call Centre, ITeS",Associate/Senior Associate -(NonTechnical),77.00270015,28.42826235,6666
 Product & Regional Sales Manager,3 - 6 yrs,Mumbai,"Sales , Retail , Business Development","Strategy, Management Consulting Firms",Regional Manager,72.8773928,19.075989899999996,6397
 Senior Manager/associate Director - Mandarin,10 - 15 yrs,"Delhi,Gurgaon","Sales , Retail , Business Development","Internet, Ecommerce",Head / VP/ GM/ National Manager After Sales,77.02225240000001,28.5061017,3009
 ODI Developer/lead ODI Developer - RACI,5 - 10 yrs,Mumbai,"IT Software - DBA , Datawarehousing","IT-Software, Software Services",Software Developer,72.8773928,19.075989899999996,4707
 UI Developer,2 - 4 yrs,Noida,"IT Software - Application Programming , Maintenance","IT-Software, Software Services",Software Developer,77.3271074,28.5707841,6928
 Assistant Manager ,5 - 8 yrs,Gurgaon,"ITES , BPO , KPO , LPO , Customer Service , Operations","Education, Teaching, Training",Associate/Senior Associate -(NonTechnical),77.00270015,28.42826235,2117
 Android Developer,2 - 5 yrs,Bengaluru,"IT Software - Application Programming , Maintenance","IT-Software, Software Services",Software Developer,77.590082,12.9767936,2293
 International BPO / Non Voice Process / Rotational Shift / Ahmedabad,1 - 4 yrs,Ahmedabad,"ITES , BPO , KPO , LPO , Customer Service , Operations","BPO, Call Centre, ITeS",Associate/Senior Associate -(NonTechnical),72.5797068,23.0216238,6757
 iOS Developer,2 - 5 yrs,"Chandigarh,Chandigarh",IT Software - Mobile,"IT-Software, Software Services",Software Developer,76.7797143,30.733442100000005,3523
 F&A Black belt - Process Excellence Lead,8 - 13 yrs,"Chennai,Gurgaon,Bengaluru","ITES , BPO , KPO , LPO , Customer Service , Operations","BPO, Call Centre, ITeS",Team Leader -(NonTechnical),77.56452320000001,13.014902099999999,3759
 IT - Head (preferably from an NGO),15 - 20 yrs,Delhi NCR,Other,"NGO, Social Services, Regulators, Industry Associations",Other,77.12121479999999,28.688243800000002,5898
 Digital Content Producer For largest Media House,3 - 8 yrs,"Bengaluru,Hyderabad","Journalism , Editing , Content","Media, Entertainment, Internet",Content Developer,77.63703840000001,13.023330999999999,3515
 Manager Holidays,6 - 10 yrs,Mumbai,"Sales , Retail , Business Development","Aviation, Aerospace, Aeronautical",Sales/Business Development Manager,72.8773928,19.075989899999996,6136
 Backend Developer,1 - 5 yrs,Bengaluru,"IT Software - Application Programming , Maintenance","Internet, Ecommerce",Software Developer,77.590082,12.9767936,4176
 JUNIOR BIG DATA ANALYST IN,1 - 3 yrs,Bengaluru,"ITES , BPO , KPO , LPO , Customer Service , Operations","Recruitment, Staffing",Business/EDP Analyst,77.590082,12.9767936,2074
 Chief Engineer,11 - 15 yrs,Hyderabad,Top Management,"Travel , Hotels , Restaurants , Airlines , Railways",CEO/MD/Director,78.4740613,17.360589,2994
 Oracle DBA Consultant - Data Guard/rac Modules,2 - 5 yrs,Mumbai,"IT Software - DBA , Datawarehousing","IT-Software, Software Services",DBA,72.8773928,19.075989899999996,1528
 Global HR Operations Analyst,1 - 4 yrs,Gurgaon,"HR , Recruitment , Administration , IR","Industrial Products, Heavy Machinery",HR Executive,77.00270015,28.42826235,6377
 Compiler- Support Engineer,5 - 10 yrs,Bengaluru,"IT Software - Application Programming , Maintenance","Telcom, ISP",Software Developer,77.590082,12.9767936,4462
 Key Accounts Manager,0 - 0 yrs,Bengaluru,"Marketing , Advertising , MR , PR , Media Planning","Telcom, ISP",Client Servicing/Key Account Manager,77.590082,12.9767936,2096
 Head Sales- Coworking Company,7 - 12 yrs,Delhi NCR,"Sales , Retail , Business Development","Real Estate, Property",Head/VP/GM/National Manager -Sales,77.12121479999999,28.688243800000002,6305
" Clubhouse Manager, Facility Manager,",2 - 5 yrs,Bengaluru,Beauty / Fitness / Spa Services,Facility Management,Centre Head / Branch Head / Club Manager,77.590082,12.9767936,3408
 Sales Manager - Education Sales,5 - 7 yrs,Gurgaon,"Sales , Retail , Business Development","Recruitment, Staffing",Sales/Business Development Manager,77.00270015,28.42826235,2856
 HR Associate,0 - 2 yrs,Hyderabad,"HR , Recruitment , Administration , IR","IT-Software, Software Services",HR Executive,78.4740613,17.360589,5736
 Manager / Sr Manager - Digital Ad Sales - Ecommerce,4 - 9 yrs,"Delhi NCR,Mumbai","Sales , Retail , Business Development","Internet, Ecommerce",Sales/Business Development Manager,121.0977529,14.671973199999998,3637
 Architect Junior/ Middle level,1 - 2 yrs,Noida,"Architecture , Interior Design","BPO, Call Centre, ITeS",Project Architect,77.3271074,28.5707841,2577
 php developer,3 - 4 yrs,Gurgaon,IT Software - Other,"Recruitment, Staffing",Software Developer,77.00270015,28.42826235,4436
 Openstack Engineer / Openstack Admin with Ceph Storage,6 - 11 yrs,Bengaluru,"IT Software - Application Programming , Maintenance","IT-Software, Software Services",System Analyst,77.590082,12.9767936,3679
 Sr. Software Engineer,4 - 8 yrs,Noida,"IT Software - Application Programming , Maintenance","Strategy, Management Consulting Firms",Software Developer,77.3271074,28.5707841,5975
 Software Engineering- Mentor,1 - 5 yrs,Bengaluru,"IT Software - Embedded , EDA , VLSI , ASIC , Chip Design","IT-Software, Software Services",Software Developer,77.590082,12.9767936,3935
 Application Tester,3 - 8 yrs,Chennai,"IT Software - Application Programming , Maintenance","IT-Software, Software Services",Testing Engineer,80.270186,13.0836939,5256
 Credit Control - Manager / Asst. Manager,3 - 5 yrs,Pune,Other,"Travel , Hotels , Restaurants , Airlines , Railways",Other,73.8544541,18.521428,3675
 Night Shift - Non Voice / Web Chat - BPO,0 - 5 yrs,"Ahmedabad,Gandhinagar,Vadodara","ITES , BPO , KPO , LPO , Customer Service , Operations","BPO, Call Centre, ITeS",Associate/Senior Associate -(NonTechnical),72.6300562,23.087672100000002,1738
 Design Engineer Mechanical,7 - 12 yrs,Kolkata,"Engineering Design , R&D","Oil and Gas, Energy, Power, Infrastructure",Design Engineer,88.35769124,22.5414185,6330
 Android developer,1 - 3 yrs,Bengaluru,"IT Software - Application Programming , Maintenance","IT-Software, Software Services",Software Developer,77.590082,12.9767936,4041
 Technical Writer,4 - 7 yrs,Gurgaon,"IT Software - eCommerce , Internet Technologies","IT-Software, Software Services",Technical Writer,77.00270015,28.42826235,3753
" Pro-Engineer , Matlab ,Ansys",3 - 7 yrs,Hyderabad,"Engineering Design , R&D","Recruitment, Staffing",Design Engineer,78.4740613,17.360589,2994
 Business Development Executive - Kolkata,2 - 6 yrs,Kolkata,"Sales , Retail , Business Development","Textiles, Garments, Accessories",Sales/Business Development Manager,88.35769124,22.5414185,6744
 Accountant - UK Based Accounting,1 - 6 yrs,Ahmedabad,"Accounts , Finance , Tax , Company Secretary , Audit","Recruitment, Staffing",Accounts Executive/Accountant,72.5797068,23.0216238,5060
 Opportunity For Current Account RM ||bank || Delhi,2 - 7 yrs,Delhi NCR,"Sales , Retail , Business Development","Banking, Financial Services, Broking",Sales/Business Development Manager,77.12121479999999,28.688243800000002,6436
 PHP Developer,1 - 5 yrs,Noida,"IT Software - Application Programming , Maintenance","IT-Software, Software Services",Software Developer,77.3271074,28.5707841,3541
 Senior Engineering Maintenance Manager For Knitting and ZLD System,12 - 22 yrs,Bengaluru,"Production , Manufacturing , Maintenance","Textiles, Garments, Accessories",Engineering Manager,77.590082,12.9767936,1802
 Accounting Specialist,0 - 3 yrs,Pune,"Accounts , Finance , Tax , Company Secretary , Audit","IT-Software, Software Services",Accounts Executive/Accountant,73.8544541,18.521428,4227
 Manager (Service Operation),8 - 12 yrs,Chennai,"HR , Recruitment , Administration , IR","Construction, Engineering, Cement, Metals",Training Manager,80.270186,13.0836939,5688
 DevOps Engineer Intern,0 - 1 yrs,Hyderabad,"IT Software - Application Programming , Maintenance","IT-Software, Software Services",Software Developer,78.4740613,17.360589,5179
 PHP Developer (wordpress & Woo Commerce/shopify / Magento),2 - 5 yrs,Ahmedabad,"IT Software - Application Programming , Maintenance","IT-Software, Software Services",Software Developer,72.5797068,23.0216238,6185
 Java Developer,1 - 2 yrs,Mumbai,"IT Software - Application Programming , Maintenance","IT-Software, Software Services",Software Developer,72.8773928,19.075989899999996,4877
 Sr. Manager- Business Development,15 - 22 yrs,Ahmedabad,"Sales , Retail , Business Development","Construction, Engineering, Cement, Metals",Sales/Business Development Manager,72.5797068,23.0216238,6269
 Test Principal Engineer,8 - 10 yrs,Bengaluru,IT Software - QA & Testing,"IT-Software, Software Services",Testing Engineer,77.590082,12.9767936,1586
 Graphic Designer,2 - 7 yrs,Ahmedabad,"Design , Creative , User Experience","Architecture, Interior Design",Graphic Designer,72.5797068,23.0216238,3076
 Business Development Executive,1 - 3 yrs,Bengaluru,"Sales , Retail , Business Development","Recruitment, Staffing",Sales Executive/Officer,77.590082,12.9767936,4264
 Animation Resident,2 - 6 yrs,Delhi,"Marketing , Advertising , MR , PR , Media Planning","Advertising, PR, MR, Event Management",Client Servicing Executive,77.22193879999999,28.6517178,2876
Enterprise Business Development Representative, 1 - 3 Years,Bengaluru,"Sales , Retail , Business Development",IT-Software / Software Services,Sales Executive / Officer,77.590082,12.9767936,4577
 Dot Net Developer,2 - 5 yrs,"Chennai,Gurgaon","IT Software - Application Programming , Maintenance","IT-Software, Software Services",Software Developer,79.8077463,11.9256207,4154
" Urgent Opening for ""US Staffing Professionals"" - Noida",1 - 5 yrs,"Delhi NCR,Noida","HR , Recruitment , Administration , IR","Recruitment, Staffing",Recruitment Executive,121.0977529,14.671973199999998,2548
 Front Office Executive-Noida,1 - 2 yrs,Noida,"Executive Assistant , Front Office , Data Entry","Recruitment, Staffing",Receptionist,77.3271074,28.5707841,2882
 Project Executive/coordinator,2 - 4 yrs,Delhi (Bhikaji Cama) ,"Sales , Retail , Business Development","Industrial Products, Heavy Machinery",Sales Coordinator,77.18787090000001,28.5702618,6053
 Sterling OMS Architect,5 - 10 yrs,Chennai,"IT Software - eCommerce , Internet Technologies","IT-Software, Software Services",Solution Architect / Enterprise Architect,80.270186,13.0836939,1889
 Dot net Developer,3 - 5 yrs,"Gurgaon,Gurgaon","IT Software - Application Programming , Maintenance","IT-Software, Software Services",Software Developer,77.00270015,28.42826235,6744
 Centreless Grinding Operator ,4 - 8 yrs,Pune,"Production , Manufacturing , Maintenance","Internet, Ecommerce",Workman/Foreman/Technician,73.8544541,18.521428,1586
 PHP Developer Jobs In Gurgaon - Team Lead - PHP,8 - 13 yrs,Gurgaon,"IT Software - Application Programming , Maintenance","Recruitment, Staffing",Software Developer,77.00270015,28.42826235,5161
 Sales Lead,3 - 7 yrs,Bengaluru,"Sales , Retail , Business Development","Internet, Ecommerce",Sales Executive/Officer,77.590082,12.9767936,5684
 Senior Design Engineer - Manufacturing,6 - 8 yrs,Pune,"Production , Manufacturing , Maintenance","Industrial Products, Heavy Machinery",Design Engineer/Manager,73.8544541,18.521428,3248
 Software Engineer Automation - Industrial Automation Job In Bangalore,3 - 5 yrs,Bengaluru,"Engineering Design , R&D","Industrial Products, Heavy Machinery",Technical Lead/Project Lead,77.590082,12.9767936,2265
 Looking For Assistant Manager - Healthcare (US Visa is Must),5 - 10 yrs,Chennai,"ITES , BPO , KPO , LPO , Customer Service , Operations","Medical, Healthcare, Hospitals",Team Leader -(NonTechnical),80.270186,13.0836939,1569
 Senior Accounts Executive,4 - 8 yrs,Kolkata,"Accounts , Finance , Tax , Company Secretary , Audit","Recruitment, Staffing",Accounts Executive/Accountant,88.35769124,22.5414185,3724
 QA for Voice Process (LE-0097-N1C),2 - 6 yrs,Pune,"ITES , BPO , KPO , LPO , Customer Service , Operations","Internet, Ecommerce",Quality Assurance/Quality Control Executive,73.8544541,18.521428,3930
" Senior Resident - Obs. & Gynae, Max Hospital, Gurgaon",0 - 3 yrs,Delhi NCR,Other,"Medical, Healthcare, Hospitals",Other,77.12121479999999,28.688243800000002,3934
 Manager/senior Manager- Analytics- Life & Annuities - Insurance Domain,4 - 9 yrs,Gurgaon,Analytics & Business Intelligence,"IT-Software, Software Services",Analytics Manager,77.00270015,28.42826235,6023
 Account Assistant,3 - 5 yrs,Pune,"Accounts , Finance , Tax , Company Secretary , Audit","Architecture, Interior Design",Accounts Executive/Accountant,73.8544541,18.521428,2776
 Informatica Faculty Job Requirement in Hyderabad,1 - 6 yrs,Hyderabad,"IT Software - DBA , Datawarehousing","IT-Software, Software Services",Software Developer,78.4740613,17.360589,1900
 SEO Expert/ Digital Marketing Gurgaon,2 - 4 yrs,Gurgaon,"Marketing , Advertising , MR , PR , Media Planning","Advertising, PR, MR, Event Management",Search Engine Optimisation /SEO Specialist,77.00270015,28.42826235,3304
 Head Engineering,5 - 10 yrs,Delhi,"Production , Manufacturing , Maintenance","Pharma, Biotech, Clinical Research",Engineering Manager,77.22193879999999,28.6517178,6496
 Business Development Executive,5 - 10 yrs,Delhi,"Accounts , Finance , Tax , Company Secretary , Audit","Oil and Gas, Energy, Power, Infrastructure",Financial Analyst,77.22193879999999,28.6517178,3327
 PPC Executive,3 - 7 yrs,Gurgaon,"Marketing , Advertising , MR , PR , Media Planning","IT-Software, Software Services",PPC /Pay Per Click Specialist,77.00270015,28.42826235,5858
 Opening For the post of Mr/territory Business Manager in An Pharma,0 - 2 yrs,"Delhi NCR,Delhi","Sales , Retail , Business Development","Pharma, Biotech, Clinical Research",Medical Representative,121.0977529,14.671973199999998,6677
 Deputy Manager - Program Management,2 - 6 yrs,Pune,"Production , Manufacturing , Maintenance","Industrial Products, Heavy Machinery",Project Manager-Production/Manufacturing/Maintenance,73.8544541,18.521428,6256
 Public Relations Manager - Bangalore,6 - 11 yrs,Bengaluru,"Marketing , Advertising , MR , PR , Media Planning","Advertising, PR, MR, Event Management",Public Relations & Media Relations Manager,77.590082,12.9767936,2980
 Female Fresher's Counsellor- Gurgaon,0 - 1 yrs,Gurgaon,"ITES , BPO , KPO , LPO , Customer Service , Operations","Education, Teaching, Training",Fresher,77.00270015,28.42826235,3203
 BE Chemical - Fresher,0 - 2 yrs,"Ahmedabad,Bharuch","Production , Manufacturing , Maintenance","Recruitment, Staffing",Fresher,72.9384385,21.7379333,2117
 Hiring a Valuation Associate (female Only),0 - 4 yrs,Gurgaon,Analytics & Business Intelligence,"Real Estate, Property",Other,77.00270015,28.42826235,6276
 Merchandising & Marketing- Professor,10 - 12 yrs,Pune,"Teaching , Education , Training , Counselling","Education, Teaching, Training",Lecturer/Professor,73.8544541,18.521428,5173
 Medical Transcriber,3 - 5 yrs,Delhi,"Medical , Healthcare , R&D , Pharmaceuticals , Biotechnology","Medical, Healthcare, Hospitals",Documentation/Medical Writing,77.22193879999999,28.6517178,6125
 PHP Developer,0 - 3 yrs,"Noida,Noida/Greater Noida","IT Software - Application Programming , Maintenance","IT-Software, Software Services",Software Developer,77.3327483,28.54322285,5518
 Business Development Manager,1 - 2 yrs,Noida,"Sales , Retail , Business Development","Education, Teaching, Training",Sales/Business Development Manager,77.3271074,28.5707841,5099
 Looking for a Job Change With a good package,1 - 5 yrs,Kolkata,"ITES , BPO , KPO , LPO , Customer Service , Operations","IT-Software, Software Services",Associate/Senior Associate -(NonTechnical),88.35769124,22.5414185,5809
 Huge Requirement for Customer Care Executive with Fixed Salary,0 - 2 yrs,Kolkata,"ITES , BPO , KPO , LPO , Customer Service , Operations","IT-Software, Software Services",Associate/Senior Associate -(NonTechnical),88.35769124,22.5414185,4466
Assistant Manager – BI&I (data Automation), 5 - 7 Years, Mumbai,"IT Software - Application Programming , Maintenance",Banking / Financial Services / Broking,IT/Networking-Manager,72.8773928,19.075989899999996,1565
 Field Sales Executive,0 - 2 yrs,Ghaziabad,"Sales , Retail , Business Development","Real Estate, Property",Sales Executive/Officer,77.45268496,28.721831599999998,3150
 Sr. Manager Sales Capability Building,10 - 15 yrs,Kolkata,"Sales , Retail , Business Development","FMCG, Foods, Beverage",Sales Trainer,88.35769124,22.5414185,3702
 Service Ops Expert - Servc Del | Microland,2 - 5 yrs,Mumbai,"ITES , BPO , KPO , LPO , Customer Service , Operations","IT-Software, Software Services",Associate/Senior Associate -(Technical),72.8773928,19.075989899999996,5079
 Regional Trainer - Skin for Wellness & Beauty Industry (only Females),4 - 9 yrs,"Ahmedabad,Indore","Teaching , Education , Training , Counselling","Wellness , Fitness , Sports, Beauty",Trainer,75.82261559999999,22.7066324,6619
 Sales Manager,3 - 6 yrs,Chandigarh,"Sales , Retail , Business Development","IT-Software, Software Services",Sales/Business Development Manager,76.7797143,30.733442100000005,4874
 Field Support Team-Supervisor,4 - 5 yrs,"Ahmedabad,Ahmedabad","IT Software - Application Programming , Maintenance",Other,Technical Support Engineer,72.5797068,23.0216238,5698
 Sr. C# Developer,1 - 6 yrs,Ahmedabad,"IT Software - Application Programming , Maintenance","IT-Software, Software Services",Software Developer,72.5797068,23.0216238,5162
 Sr Structural Engineer,5 - 10 yrs,Mumbai,"Engineering Design , R&D","Strategy, Management Consulting Firms",Senior Design Engineer,72.8773928,19.075989899999996,4160
 IT Security Head ,4 - 8 yrs,Hyderabad,"IT Software - Network Administration , Security","IT-Software, Software Services",Head/VP/GM-Technology(IT)/CTO,78.4740613,17.360589,3495
 Technical Support Executive,2 - 5 yrs,Pune,"ITES , BPO , KPO , LPO , Customer Service , Operations","Internet, Ecommerce",Associate/Senior Associate -(Technical),73.8544541,18.521428,5049
 Analyst - Business Intelligence,1 - 3 yrs,Mumbai,"IT Software - Application Programming , Maintenance","IT-Software, Software Services",Business Analyst,72.8773928,19.075989899999996,6346
Nokia WING Circuit Core - SMSC Engineer, 5 - 10 Years,Noida,"IT Software - Network Administration , Security",Telecom / ISP,Software Developer,77.3271074,28.5707841,2040
 Assistant Restaurant Manager / Restaurant Manager,5 - 7 yrs,Delhi NCR,"Hotels , Restaurants","Travel , Hotels , Restaurants , Airlines , Railways",Restaurant Manager,77.12121479999999,28.688243800000002,4142
 Digital / Web Artist,0 - 3 yrs,"Mumbai,Mumbai","Design , Creative , User Experience","Advertising, PR, MR, Event Management",Graphic Designer,72.8773928,19.075989899999996,2409
 Business Development Manager,2 - 7 yrs,"Mumbai,Mumbai","Sales , Retail , Business Development","IT-Software, Software Services",Head/VP/GM/National Manager -Sales,72.8773928,19.075989899999996,5623
 Web/ GUI Designer,3 - 5 yrs,Gurgaon,"Design , Creative , User Experience","IT-Software, Software Services",Web Designer,77.00270015,28.42826235,3031
" Web Designer - Html, CSS, Bootstrap, Photoshop",1 - 3 yrs,Ahmedabad,"IT Software - eCommerce , Internet Technologies","Recruitment, Staffing",Graphic/Web Designer,72.5797068,23.0216238,5617
 Python Developer,1 - 3 yrs,Chennai,"IT Software - Application Programming , Maintenance","Recruitment, Staffing",Software Developer,80.270186,13.0836939,6417
 Web Designer,4 - 5 yrs,Ahmedabad,"IT Software - eCommerce , Internet Technologies","IT-Software, Software Services",Graphic/Web Designer,72.5797068,23.0216238,6991
 AVP- FX MO,8 - 10 yrs,Mumbai,"Financial Services , Banking , Investments , Insurance","Recruitment, Staffing",Head/VP/GM-Operations,72.8773928,19.075989899999996,2171
 Head - Project Management,15 - 20 yrs,Delhi NCR,"Production , Manufacturing , Maintenance","Real Estate, Property",Head/VP/GM-Operations,77.12121479999999,28.688243800000002,1704
 Walk- In For Development QA/ Regulatory Affairs,4 - 8 yrs,Hyderabad,"Medical , Healthcare , R&D , Pharmaceuticals , Biotechnology","Pharma, Biotech, Clinical Research",Research Scientist,78.4740613,17.360589,6937
 Manager Accounts-wazirpur-mba-finance-salary-35k(export House exp),10 - 14 yrs,Delhi NCR,"Accounts , Finance , Tax , Company Secretary , Audit",Iron and Steel,Accounts Manager,77.12121479999999,28.688243800000002,2770
 Team Leader- Head Digital Prtnrshp & BD,8 - 12 yrs,Mumbai,"Sales , Retail , Business Development","Construction, Engineering, Cement, Metals",Sales/Business Development Manager,72.8773928,19.075989899999996,6205
 DWH Tester - Manual Testing,4 - 6 yrs,"Delhi NCR,Gurgaon",IT Software - QA & Testing,"IT-Software, Software Services",Testing Engineer,77.10436033,28.42208445,1918
 Quality Assurance Engineer,3 - 5 yrs,Hyderabad,"IT Software - Application Programming , Maintenance","IT-Software, Software Services",Quality Assurance/Quality Control Executive,78.4740613,17.360589,6652
 Technical / Functional Skills,4 - 9 yrs,Mumbai,"Sales , Retail , Business Development","IT-Software, Software Services",Sales Executive/Officer,72.8773928,19.075989899999996,5227
 Software Development / Software Engineer,2 - 4 yrs,Bengaluru,"IT Software - Application Programming , Maintenance","IT-Software, Software Services",Software Developer,77.590082,12.9767936,5554
 Inbound Phone Banking Voice Process - Leading Bank - Noida,0 - 2 yrs,Noida,"ITES , BPO , KPO , LPO , Customer Service , Operations","Fresher, Trainee, Entry Level",Associate/Senior Associate -(NonTechnical),77.3271074,28.5707841,6440
Java Enterprise Edition, 2 - 4 Years, Mumbai,"IT Software - Application Programming , Maintenance",IT-Software / Software Services,Software Developer,72.8773928,19.075989899999996,1954
 Associate Clinical Data Processor,0 - 1 yrs,Mumbai,"ITES , BPO , KPO , LPO , Customer Service , Operations","Strategy, Management Consulting Firms",Associate/Senior Associate -(NonTechnical),72.8773928,19.075989899999996,5541
 CRM,1 - 2 yrs,Bengaluru,"Sales , Retail , Business Development","IT-Software, Software Services",Sales/Business Development Manager,77.590082,12.9767936,5386
 Magento Developer,2 - 7 yrs,Ahmedabad,IT Software - System Programming,"BPO, Call Centre, ITeS",Software Developer,72.5797068,23.0216238,1965
 Merchandiser,2 - 7 yrs,"Thane,Mumbai,Navi Mumbai","Export , Import , Merchandising","Textiles, Garments, Accessories",Merchandiser,73.0198537,19.0308262,4456
 SIEM Analyst,2 - 5 yrs,"Hyderabad,Bengaluru","IT Software - Network Administration , Security","Recruitment, Staffing",System Security,77.63703840000001,13.023330999999999,5150
 Hiring ll Azure Devops and Management Lead ll Hyderabad,6 - 11 yrs,Hyderabad,"IT Software - Application Programming , Maintenance","IT-Software, Software Services",Team Lead/Technical Lead,78.4740613,17.360589,2275
 computer operator,1 - 3 yrs,"Gurgaon,Noida","Executive Assistant , Front Office , Data Entry","IT-Software, Software Services",Stenographer/Data Entry Operator,77.00270015,28.42826235,1567
 Operation Executive,2 - 3 yrs,Delhi NCR,"HR , Recruitment , Administration , IR","Recruitment, Staffing",Executive/ Sr Executive - Administration,77.12121479999999,28.688243800000002,6411
 Customer Support Executive,0 - 1 yrs,Chandigarh,"ITES , BPO , KPO , LPO , Customer Service , Operations","IT-Software, Software Services",Associate/Senior Associate -(NonTechnical),76.7797143,30.733442100000005,6307
 Corporate-Day Care Manager.,2 - 4 yrs,Pune,"Teaching , Education , Training , Counselling","Education, Teaching, Training",DaycareTeacher / Incharge / Attendant,73.8544541,18.521428,5736
 Hiring going on for .US Inbound Tech Support/ Sales,1 - 6 yrs,Kolkata,"ITES , BPO , KPO , LPO , Customer Service , Operations","IT-Software, Software Services",Associate/Senior Associate -(Technical),88.35769124,22.5414185,5197
Deputy Manager- Performance/digital Marketing, 4 - 9 Years, Delhi NCR,"Marketing , Advertising , MR , PR , Media Planning",Education / Teaching / Training,Social Media Marketing Manager,77.12121479999999,28.688243800000002,3419
" Technical Lead -(VoIP,Cisco Call Manager)",2 - 7 yrs,"Bengaluru,Bengaluru / Bangalore",IT Software - Telecom Software,"IT-Software, Software Services",Team Lead/Technical Lead,77.590082,12.9767936,6134
 Relationship Manager,3 - 8 yrs,Chandigarh,"Sales , Retail , Business Development","Consumer Electronics, Appliances, Durables",Sales / BD Manager,76.7797143,30.733442100000005,2897
" Technician, Technical Support",0 - 4 yrs,Gurgaon,"IT Software - Application Programming , Maintenance","IT-Software, Software Services",Technical Support Engineer,77.00270015,28.42826235,5174
 Graphic Designer,2 - 4 yrs,Gurgaon,"Design , Creative , User Experience","Education, Teaching, Training",Graphic Designer,77.00270015,28.42826235,3523
 Consultant,2 - 5 yrs,Noida,"IT Software - Application Programming , Maintenance","IT-Software, Software Services",Testing Engineer,77.3271074,28.5707841,5116
 Immediate Requirement for Fusion Technical Lead Developer,10 - 16 yrs,"Delhi NCR,Mumbai,Bengaluru","IT Software - Application Programming , Maintenance","IT-Software, Software Services",Team Lead/Technical Lead,121.0977529,14.671973199999998,1571
 Layout Designer / Web Designer,1 - 5 yrs,Ahmedabad,IT Software - Other,"Recruitment, Staffing",Graphic/Web Designer,72.5797068,23.0216238,4452
 Asp.net with Angular JS & Html5 - Hyderabad,5 - 7 yrs,Hyderabad,"IT Software - Application Programming , Maintenance","IT-Software, Software Services",Software Developer,78.4740613,17.360589,5816
 Sales Manager Product and Portfolio,5 - 10 yrs,Hyderabad,"Sales , Retail , Business Development","Banking, Financial Services, Broking",Sales/Business Development Manager,78.4740613,17.360589,5244
 Key Accounts Manager,6 - 11 yrs,Mumbai,"Sales , Retail , Business Development","Recruitment, Staffing",Client Servicing/Key Account Manager,72.8773928,19.075989899999996,4830
 Store Head-leading Manufacturing Company,10 - 15 yrs,Bengaluru,Purchase / Logistics / Supply Chain,"Automobile, Auto Anciliary, Auto Components",Logistics Manager,77.590082,12.9767936,5436
 BPO Inbound Voice Tech Process - Customer Service Inbound Voice - Appl,2 - 6 yrs,Kolkata,"ITES , BPO , KPO , LPO , Customer Service , Operations","IT-Software, Software Services",Associate/Senior Associate -(NonTechnical),88.35769124,22.5414185,2415
 Java Software Engineer,1 - 5 yrs,Bengaluru,"IT Software - Application Programming , Maintenance","Banking, Financial Services, Broking",Software Developer,77.590082,12.9767936,3812
 Admin Executive,2 - 5 yrs,Chandigarh,"HR , Recruitment , Administration , IR","IT-Software, Software Services",Executive/ Sr Executive - Administration,76.7797143,30.733442100000005,3055
 Agm Finance for Automobile Company in Kolkata . Salary:7 Lpa,12 - 17 yrs,Kolkata,"Accounts , Finance , Tax , Company Secretary , Audit","Recruitment, Staffing",Head/VP/GM-Finance/Audit,88.35769124,22.5414185,1789
 Accounts Manager (male),7 - 12 yrs,"Gurgaon,Noida","Accounts , Finance , Tax , Company Secretary , Audit","IT-Software, Software Services",Accounts Manager,77.00270015,28.42826235,5212
 Opening for French Specialist Accounts Payable,1 - 4 yrs,Bengaluru,"ITES , BPO , KPO , LPO , Customer Service , Operations","BPO, Call Centre, ITeS",Associate/Senior Associate -(NonTechnical),77.590082,12.9767936,2016
 Applications Analyst OEE,3 - 5 yrs,Bengaluru,"IT Software - Application Programming , Maintenance","Medical, Healthcare, Hospitals",Software Developer,77.590082,12.9767936,6067
 Customer Service Engineer - - ICD Security Solutions,2 - 7 yrs,Pune,"Sales , Retail , Business Development","IT-Software, Software Services",Client Servicing/Key Account Manager,73.8544541,18.521428,3180
 Urgently Required Senior PHP Developer(laravel) || Gurgaon ,2 - 5 yrs,Gurgaon,"IT Software - Application Programming , Maintenance","IT-Software, Software Services",Software Developer,77.00270015,28.42826235,3588
 Associate Process Consultant,7 - 12 yrs,Pune,IT Software - Telecom Software,"IT-Software, Software Services",Project Manager-IT/Software,73.8544541,18.521428,4791
 Infrastructure management- Lecturer,5 - 7 yrs,Ghaziabad,"Teaching , Education , Training , Counselling","Education, Teaching, Training",Lecturer/Professor,77.45268496,28.721831599999998,1958
 Finance Admin,4 - 6 yrs,Pune,"Accounts , Finance , Tax , Company Secretary , Audit","IT-Software, Software Services",Financial Analyst,73.8544541,18.521428,3214
 Guest Relations Executive,6 - 7 yrs,"Mumbai,Delhi","Sales , Retail , Business Development","NGO, Social Services, Regulators, Industry Associations",Head/VP/GM/National Manager -Sales,77.2820578,28.5715304,5474
 Salesforce System Architect,8 - 12 yrs,Chennai,"IT Software - Application Programming , Maintenance","IT-Software, Software Services",Technical Architect,80.270186,13.0836939,4146
System Monitoring Tools & Techniques Professional, 13 - 15 Years, Bengaluru,"IT Software - ERP , CRM",IT-Software / Software Services,Project Manager-IT/Software,77.590082,12.9767936,4639
 HR Recruiter,0 - 2 yrs,Navi Mumbai,"IT Software - Application Programming , Maintenance","IT-Software, Software Services",Fresher,73.0198537,19.0308262,6420
 Business Development Manager (eCommerce),1 - 3 yrs,Delhi,"Sales , Retail , Business Development","IT-Software, Software Services",Sales/Business Development Manager,77.22193879999999,28.6517178,3524
 Java Developer - Spring/ Hibernate,5 - 10 yrs,Hyderabad,"IT Software - Application Programming , Maintenance","IT-Software, Software Services",Software Developer,78.4740613,17.360589,3676
 Python Developer,0 - 1 yrs,Gurgaon,"IT Software - Application Programming , Maintenance","IT-Software, Software Services",Software Developer,77.00270015,28.42826235,5033
 Sales And Marketing/Business Development manager,2 - 7 yrs,Mumbai,"Sales , Retail , Business Development","IT-Software, Software Services",Sales/Business Development Manager,72.8773928,19.075989899999996,2992
 Microsoft Developer,2 - 7 yrs,Ahmedabad,"IT Software - Application Programming , Maintenance","Recruitment, Staffing",Software Developer,72.5797068,23.0216238,3091
 Customer Service Executive (Adeeba Group) for Tech Support/ Sales,2 - 7 yrs,Kolkata,"ITES , BPO , KPO , LPO , Customer Service , Operations","IT-Software, Software Services",Associate/Senior Associate -(NonTechnical),88.35769124,22.5414185,4963
 Inbound Technical Support With Attractive Salary Package,0 - 5 yrs,Kolkata,"ITES , BPO , KPO , LPO , Customer Service , Operations","IT-Software, Software Services",Associate/Senior Associate -(Technical),88.35769124,22.5414185,5156
" Placement Officer,",0 - 5 yrs,Pune,"HR , Recruitment , Administration , IR","Recruitment, Staffing",Outside Consultant,73.8544541,18.521428,1510
 Walk-in Interviews For Sr.executive - Procurement on 5th July,2 - 5 yrs,Gurgaon,Purchase / Logistics / Supply Chain,"Internet, Ecommerce",Purchase Executive,77.00270015,28.42826235,5829
Urgent Opening Automation Test Engineer 2-5yrs-bellandur Bangalore, 2 - 5 Years,Bengaluru (Bellandur) ,"IT Software - Application Programming , Maintenance",IT-Software / Software Services,Software Developer,77.6781903,12.9310383,3991
 Senior TSA Inbound Tech Process,0 - 2 yrs,Kolkata,"ITES , BPO , KPO , LPO , Customer Service , Operations","IT-Software, Software Services",Associate/Senior Associate -(Technical),88.35769124,22.5414185,5791
 Freelance Corporate Trainer on Taleo,5 - 10 yrs,Bengaluru,"Teaching , Education , Training , Counselling","IT-Software, Software Services",Trainer,77.590082,12.9767936,2591
 Senior Java Developer- Urgently Required by Mumbai IT Company,3 - 5 yrs,Mumbai (Sakinaka) ,"IT Software - Application Programming , Maintenance","IT-Software, Software Services",Software Developer,72.8817764,19.100401899999998,6616
 Manager Procurement,4 - 5 yrs,Mumbai,Purchase / Logistics / Supply Chain,"Advertising, PR, MR, Event Management",Purchase/Vendor Development Manager,72.8773928,19.075989899999996,5994
 Senior Software Engineer - UI Development - Javascript/angularjs,5 - 10 yrs,Gurgaon,"IT Software - Application Programming , Maintenance","IT-Software, Software Services",Software Developer,77.00270015,28.42826235,1822
 Telle Caller,0 - 2 yrs,Delhi,"ITES , BPO , KPO , LPO , Customer Service , Operations","Recruitment, Staffing",Telecalling/Telemarketing Executive,77.22193879999999,28.6517178,4502
 Documentation Executive,8 - 10 yrs,Delhi NCR (Green Park) ,Other,"Architecture, Interior Design",Other,121.0400267,14.476866099999999,3090
" Opening For Dot Net Developer @ Baner, Pune",0 - 0 yrs,Pune,"IT Software - Application Programming , Maintenance","IT-Software, Software Services",Fresher,73.8544541,18.521428,2711
 Management Trainee,0 - 2 yrs,Pune,"Sales , Retail , Business Development",Insurance,Trainee,73.8544541,18.521428,6527
 Junior Company Secretary,3 - 8 yrs,Gurgaon,IT Software - QA & Testing,"Medical, Healthcare, Hospitals",Testing Engineer,77.00270015,28.42826235,5970
 Production Manager,1 - 5 yrs,"Chandigarh,Panchkula","Production , Manufacturing , Maintenance","Internet, Ecommerce",Production Manager,76.83817509999999,30.6958386,6473
 Have Confidence to Convince Customer Then Join Adeeba (Inbound Voice),0 - 1 yrs,Kolkata,"ITES , BPO , KPO , LPO , Customer Service , Operations","IT-Software, Software Services",Associate/Senior Associate -(NonTechnical),88.35769124,22.5414185,2781
 Business Transformation Consultant,3 - 8 yrs,"Delhi NCR,Mumbai,Bengaluru",Other,"Strategy, Management Consulting Firms",Other,121.0977529,14.671973199999998,6096
 Content Editor,3 - 6 yrs,Hyderabad,"Journalism , Editing , Content","Media, Entertainment, Internet",Content Developer,78.4740613,17.360589,5611
 Graphics Hardware Engineer,5 - 7 yrs,Bengaluru,"IT Software - Embedded , EDA , VLSI , ASIC , Chip Design","IT-Software, Software Services",Software Developer,77.590082,12.9767936,3804
 Visual Designer,1 - 3 yrs,Bengaluru,"Design , Creative , User Experience","IT-Software, Software Services",Visualiser,77.590082,12.9767936,3159
 Web Designer,3 - 8 yrs,Bengaluru,"IT Software - Application Programming , Maintenance","IT-Software, Software Services",Graphic/Web Designer,77.590082,12.9767936,4963
 ACCOUNTS EXECUTIVES,3 - 8 yrs,Mumbai,"Accounts , Finance , Tax , Company Secretary , Audit","Industrial Products, Heavy Machinery",Accounts Executive/Accountant,72.8773928,19.075989899999996,5957
 Finance & Accounting Associates,2 - 5 yrs,Noida,"Accounts , Finance , Tax , Company Secretary , Audit","Banking, Financial Services, Broking",Accounts Manager,77.3271074,28.5707841,6420
 DEALER - RETAIL BROKING,1 - 5 yrs,Kolkata,"Sales , Retail , Business Development","Accounting, Finance",Sales Executive/Officer,88.35769124,22.5414185,4106
 SENIOR SOFTWARE DEVELOPER (MVC .NET),5 - 7 yrs,Pune,"IT Software - Application Programming , Maintenance","IT-Software, Software Services",Software Developer,73.8544541,18.521428,2274
 Client Relationship Partner,2 - 7 yrs,Bengaluru,"Financial Services , Banking , Investments , Insurance","Banking, Financial Services, Broking",Sales Officer,77.590082,12.9767936,3290
" Sales Manger Opening In An E-commerce Industry- (mumbai, Pune)",2 - 7 yrs,"Mumbai,Pune","Sales , Retail , Business Development","Internet, Ecommerce",Sales/Business Development Manager,72.840292,18.9560691,4565
 Dot Net Developer,2 - 7 yrs,"Ahmedabad,Ahmedabad","IT Software - Application Programming , Maintenance","IT-Software, Software Services",Software Developer,72.5797068,23.0216238,2105
 Lead Business Systems Analyst,7 - 8 yrs,Gurgaon,Other,"Banking, Financial Services, Broking",Other,77.00270015,28.42826235,5581
 Sr. Manager- Art in Mumbai || Opportunity @ Client side,7 - 12 yrs,Mumbai,"Design , Creative , User Experience","Internet, Ecommerce",Creative Director,72.8773928,19.075989899999996,1832
 Hiring for Domestic/ International Processes.contact the HR Asap,0 - 3 yrs,Kolkata,"ITES , BPO , KPO , LPO , Customer Service , Operations","BPO, Call Centre, ITeS",Associate/Senior Associate -(NonTechnical),88.35769124,22.5414185,4974
 Sr . Manager,7 - 10 yrs,Ahmedabad,Top Management,"Recruitment, Staffing",Head/VP/GM-Operations,72.5797068,23.0216238,6362
 Manager Learning & Development,10 - 15 yrs,Bengaluru,"HR , Recruitment , Administration , IR","Semiconductors, Electronics",Head/VP/GM-Training & Development,77.590082,12.9767936,4563
 Urgent Requirement for CCE Telesales for Night Shift.,1 - 6 yrs,Kolkata,"ITES , BPO , KPO , LPO , Customer Service , Operations","IT-Software, Software Services",Associate/Senior Associate -(NonTechnical),88.35769124,22.5414185,2023
 Vancancy for Inbound Tech Sales Executive,0 - 3 yrs,Kolkata,"ITES , BPO , KPO , LPO , Customer Service , Operations","IT-Software, Software Services",Associate/Senior Associate -(Technical),88.35769124,22.5414185,6234
 Infrastructure SSO Architect- Looking For Early Joiners,10 - 20 yrs,"Gurgaon,Australia","IT Software - Application Programming , Maintenance","IT-Software, Software Services",Solution Architect / Enterprise Architect,-79.03057220000001,-8.123728999999999,4185
 Sr. Architect / Project Position: Sr. Architect / Project,10 - 15 yrs,"Mumbai,Thane","Architecture , Interior Design","Real Estate, Property",Architect,72.97017790000001,19.1943294,1933
Nosql (couchdb/redis/bigtable/dynamodb), 4 - 6 Years, Bengaluru,"IT Software - DBA , Datawarehousing",IT-Software / Software Services,Software Developer,77.590082,12.9767936,5722
 Immidate Opening for Voice & Accent Trainer @ Vee Technologies,3 - 4 yrs,Bengaluru (Vasanth nagar) ,"ITES , BPO , KPO , LPO , Customer Service , Operations","BPO, Call Centre, ITeS",Voice & Accent Trainer,77.58516878,12.98872125,6823
 AIT Global India Private Limited is Looking For JAVA Developer.,2 - 5 yrs,Pune,"IT Software - Application Programming , Maintenance","IT-Software, Software Services",Software Developer,73.8544541,18.521428,4770
" Cloud Engineer Cloud Based IT MNC In Gurgaon , salary 7 - 8 LPA",2 - 4 yrs,Gurgaon,IT Software - System Programming,"Real Estate, Property",Technical Architect,77.00270015,28.42826235,4307
 Relationship Manager - Bangalore,2 - 4 yrs,Bengaluru,"Sales , Retail , Business Development","Education, Teaching, Training",Sales Executive/Officer,77.590082,12.9767936,6228
 Territory Sales Manager-Passive Networking-Mumbai/Bangalore/Hyderabad,3 - 8 yrs,"Bengaluru,Hyderabad,Mumbai","Sales , Retail , Business Development","Electricals, Switchgears",Sales/Business Development Manager,78.5453172,17.3562,6061
 Business Development Manager,3 - 5 yrs,"Bengaluru,Mumbai,Delhi","Sales , Retail , Business Development","IT-Software, Software Services",Sales/Business Development Manager,73.018309,19.006127300000003,5052
 Senior Manager-fundraising,12 - 18 yrs,Bengaluru,"Financial Services , Banking , Investments , Insurance","Medical, Healthcare, Hospitals",Finance/Budgeting Manager,77.590082,12.9767936,4754
 Bulk Hiring Travel Sales Consultants US /UK Shifts Call ASAP,1 - 5 yrs,"Delhi NCR,Gurgaon","ITES , BPO , KPO , LPO , Customer Service , Operations","BPO, Call Centre, ITeS",Associate/Senior Associate -(NonTechnical),77.10436033,28.42208445,6213
 UI Developer (Frontend Developer),3 - 8 yrs,Mumbai,"IT Software - Application Programming , Maintenance","Construction, Engineering, Cement, Metals",Software Developer,72.8773928,19.075989899999996,6069
 Netsuite Technical Consultant,3 - 5 yrs,Mumbai,"IT Software - ERP , CRM","IT-Software, Software Services",Outside Technical Consultant,72.8773928,19.075989899999996,6352
"Java Full Stack – Technical Lead, Senior Engineer", 6 - 11 Years, Bengaluru,"IT Software - Application Programming , Maintenance",IT-Software / Software Services,Software Developer,77.590082,12.9767936,2456
 ADM - External Affairs &amp; CSR - Bangalore,8 - 13 yrs,Bengaluru,CSR & Sustainability,"Automobile, Auto Anciliary, Auto Components",CSR Manager,77.590082,12.9767936,3893
 Immediate Opening Asp.net MVC Developers For Mumbai (worli),3 - 5 yrs,Mumbai,"IT Software - Application Programming , Maintenance","IT-Software, Software Services",Software Developer,72.8773928,19.075989899999996,6003
 Home loan,1 - 4 yrs,Kolkata,"Financial Services , Banking , Investments , Insurance","Recruitment, Staffing",Sales Officer,88.35769124,22.5414185,2657
" Sr. Resident, General & Laparoscopic Surgery",2 - 6 yrs,Delhi,"Medical , Healthcare , R&D , Pharmaceuticals , Biotechnology","Medical, Healthcare, Hospitals",Surgeon,77.22193879999999,28.6517178,3852
 Angular Developer - Fulcrum Digital,4 - 6 yrs,Pune,"IT Software - Application Programming , Maintenance","IT-Software, Software Services",Software Developer,73.8544541,18.521428,3209
 Devops Engineer - Tools & Automation,5 - 8 yrs,Navi Mumbai,"IT Software - Application Programming , Maintenance","IT-Software, Software Services",Software Developer,73.0198537,19.0308262,4127
 Great Opportunity To join top MNCs in Kolkata! Grab them While it last,0 - 3 yrs,Kolkata,"ITES , BPO , KPO , LPO , Customer Service , Operations","BPO, Call Centre, ITeS",Associate/Senior Associate -(NonTechnical),88.35769124,22.5414185,4664
 QA Functional Testing,3 - 6 yrs,Bengaluru,IT Software - QA & Testing,"IT-Software, Software Services",Testing Engineer,77.590082,12.9767936,2155
 Sales Engineer,2 - 7 yrs,Bengaluru,"Sales , Retail , Business Development","Automobile, Auto Anciliary, Auto Components",Sales/Business Development Manager,77.590082,12.9767936,3534
Software Engineer - Unity Developer, 3 - 8 Years,Bengaluru,IT Software - Mobile,Telecom / ISP,Software Developer,77.590082,12.9767936,4927
 Associate Level 1 - Fund Accounting,1 - 5 yrs,Chennai,"Accounts , Finance , Tax , Company Secretary , Audit","Banking, Financial Services, Broking",Accounts Executive/Accountant,80.270186,13.0836939,1906
 Associate Principal Analyst - Network Security Research,3 - 7 yrs,Gurgaon,"IT Software - Application Programming , Maintenance","IT-Software, Software Services",Business Analyst,77.00270015,28.42826235,6272
 Training Specialist,4 - 8 yrs,Gurgaon,Other,"Telcom, ISP",Other,77.00270015,28.42826235,1784
 Urgent Opening For Field Recruiter ,1 - 6 yrs,Delhi NCR,"HR , Recruitment , Administration , IR","Recruitment, Staffing",Recruitment Executive,77.12121479999999,28.688243800000002,3186
 JAVA Developer,4 - 7 yrs,Kolkata,"IT Software - Application Programming , Maintenance","Internet, Ecommerce",Software Developer,88.35769124,22.5414185,5744
 Urgent Openings For Pharma Freshers,0 - 3 yrs,Pune,"Medical , Healthcare , R&D , Pharmaceuticals , Biotechnology","Pharma, Biotech, Clinical Research",Medical Representative,73.8544541,18.521428,5195
 Front End Developer - Wordpress/html/css/javascript,3 - 5 yrs,Bengaluru,"IT Software - Application Programming , Maintenance","IT-Software, Software Services",Software Developer,77.590082,12.9767936,3683
Mechanical Maintenance – Btech / Diploma, 0 - 2 Years, Hyderabad,Other,FMCG / Foods / Beverage,"Suguna Group was founded in the year 1984 with the inception of Suguna Foods in poultry sector by first generation entrepreneurs. Suguna is a USD 1.3 billion (INR 9,000 cr) group and leader in Indian protein food/animal farming industry. With an employee footprint of more than 8500, the group is in to poultry, dairy, processed protein food, animal nutrition, healthcare & biologicals. Group companies are Suguna Foods, Suguna Dairy, Globion, Aminovit Srilanka, Suguna Bangladesh and Kenya. Suguna Foods is the largest poultry enterprise in India and it ranks among the top 10 worldwide. The fully integrated operations cover broiler and layer farming, hatcheries, feed mills, processing plants, vaccines and exports. Suguna markets live broiler chicken, value added eggs, ready-to-eat and ready-to-cook chicken products. With the intent to provide consumers with fresh, clean and hygienic packed chicken, Suguna has set up a chain of modern retail outlets in the name of Ã¢â‚¬ËœDaily FresshÃ¢â‚¬â„¢. Suguna Foods pioneered contract farming in poultry industry, and now has presence in 21 states in India. Suguna as a brand is known for its quality products which has been well accepted by the consumers. Suguna Group always believes in energising rural India and providing nutritional security to India and is proud to associate with the mission of improving livelihood of 38,000 farmers",78.4740613,17.360589,6087
 PHP Developer,2 - 6 yrs,Noida,"IT Software - Application Programming , Maintenance","IT-Software, Software Services",Software Developer,77.3271074,28.5707841,5509
Sr.consultant-power Distribution, 4 - 7 Years,Gurgaon,"ITES , BPO , KPO , LPO , Customer Service , Operations",Accounting / Finance,Associate/Senior Associate -(NonTechnical),77.00270015,28.42826235,4560
" Chinese, Spanish Language Expert (proofcheck Medical Content),",2 - 7 yrs,"Delhi NCR,Bengaluru","Journalism , Editing , Content","Medical, Healthcare, Hospitals",Proof Reader,121.0977529,14.671973199999998,4235
 Hiring for Tech Sales_Inbound UK/ US Voice Process,1 - 5 yrs,Kolkata,"ITES , BPO , KPO , LPO , Customer Service , Operations","IT-Software, Software Services",Associate/Senior Associate -(NonTechnical),88.35769124,22.5414185,3101
 SUPPORT Engineers (FEMALE CANDIDATES),1 - 5 yrs,Hyderabad,"ITES , BPO , KPO , LPO , Customer Service , Operations","IT-Software, Software Services",Associate/Senior Associate -(Technical),78.4740613,17.360589,3096
 MS SQL Developer : 0 - 2 Years (only MALE Candidates),1 - 3 yrs,Hyderabad,"IT Software - Application Programming , Maintenance","IT-Software, Software Services",Software Developer,78.4740613,17.360589,1934
 Nurses,2 - 5 yrs,Pune,"Medical , Healthcare , R&D , Pharmaceuticals , Biotechnology","Internet, Ecommerce",Nurse,73.8544541,18.521428,2098
 Marketing Executive,2 - 7 yrs,"Noida,Noida/Greater Noida","Marketing , Advertising , MR , PR , Media Planning","IT-Software, Software Services",Direct Marketing Executive,77.3327483,28.54322285,4807
HR Recruiter (volume Hiring), 2 - 5 Years, Gurgaon,"HR , Recruitment , Administration , IR",BPO / Call Centre / ITES,HR Executive,77.00270015,28.42826235,6631
 Java Full Stack Developer,4 - 7 yrs,Pune,"IT Software - Application Programming , Maintenance","IT-Software, Software Services",Software Developer,73.8544541,18.521428,6708
 GM Finance- Export Import Company,10 - 17 yrs,Mumbai,"Accounts , Finance , Tax , Company Secretary , Audit","Export, Import",Head/VP/GM-Finance/Audit,72.8773928,19.075989899999996,2007
 Content Writer,1 - 3 yrs,Bengaluru,"Journalism , Editing , Content","Advertising, PR, MR, Event Management",Content Developer,77.590082,12.9767936,4162
 Job Opening for Sm/avp_credit Audit_mumbai,7 - 10 yrs,Mumbai,"Accounts , Finance , Tax , Company Secretary , Audit","Banking, Financial Services, Broking",Head/VP/GM-CFO/Financial Controller,72.8773928,19.075989899999996,3882
 iOS Game Developer,3 - 8 yrs,"Faridabad,Gurgaon,Mumbai","IT Software - Application Programming , Maintenance","IT-Software, Software Services",Software Developer,77.20056009999999,28.4070322,1860
 Hiring: Executive-business Developer(seller Acquisition) On Contract,1 - 4 yrs,Ahmedabad,"Sales , Retail , Business Development","Internet, Ecommerce",Sales Executive/Officer,72.5797068,23.0216238,3241
 Java/j2ee Application Developer,3 - 6 yrs,Mumbai,"IT Software - Application Programming , Maintenance","Banking, Financial Services, Broking",Software Developer,72.8773928,19.075989899999996,3436
" Accepting Application for Intership for Java, PHP, Web Design, Android",0 - 1 yrs,Pune,"IT Software - Application Programming , Maintenance","IT-Software, Software Services",Software Developer,73.8544541,18.521428,2821
 Automation-Expert-Senior-Automation-Expert,3 - 5 yrs,"Gurgaon,haryana",IT Software - QA & Testing,"IT-Software, Software Services",Team Lead/Technical Lead,77.00270015,28.42826235,2090
 Product Manager- Marketing(consumer Durables),5 - 10 yrs,Mumbai,"Sales , Retail , Business Development","Banking, Financial Services, Broking",Sales/Business Development Manager,72.8773928,19.075989899999996,2385
 Embedded Android Engineer,10 - 12 yrs,Noida,"IT Software - Embedded , EDA , VLSI , ASIC , Chip Design","Semiconductors, Electronics",Software Developer,77.3271074,28.5707841,1880
 Inbound International BPO Voice Process-US Shift,1 - 4 yrs,Kolkata,"ITES , BPO , KPO , LPO , Customer Service , Operations","IT-Software, Software Services",Associate/Senior Associate -(NonTechnical),88.35769124,22.5414185,6309
 Jr. Support Executives,1 - 6 yrs,Mumbai,"IT Hardware , Technical Support , Telecom Engineering",IT-Hardware & Networking,Fresher,72.8773928,19.075989899999996,6466
 Recruitment Officer ,0 - 1 yrs,Bengaluru,"HR , Recruitment , Administration , IR","Recruitment, Staffing",Recruitment Executive,77.590082,12.9767936,1824
 Senior Principal Software Engineer,8 - 10 yrs,Pune,"IT Software - Application Programming , Maintenance","BPO, Call Centre, ITeS",Technical Architect,73.8544541,18.521428,3944
 Pharma/nutrition Sales Profile Opening with Hexagon Nutrition,0 - 5 yrs,"Chennai,Bengaluru","Sales , Retail , Business Development","Pharma, Biotech, Clinical Research",Sales Executive/Officer,77.56601590000001,13.014078900000001,4992
 Urgent job Position For SAP MDG Functional Analyst- All Over India,6 - 11 yrs,"Delhi NCR,Mumbai,Bengaluru","IT Software - Application Programming , Maintenance","IT-Software, Software Services",ERP Consultant,121.0977529,14.671973199999998,1558
 Manager / Asst. Manager - Vendor Development ( Purchase ) - Gurgaon,7 - 12 yrs,Gurgaon,"Supply Chain , Logistics , Purchase , Materials","Industrial Products, Heavy Machinery",Purchase/Vendor Development Manager,77.00270015,28.42826235,2929
 Java with AngularJS and Spring,3 - 6 yrs,Greater Noida,"IT Software - Application Programming , Maintenance","IT-Software, Software Services",Software Developer,77.51376490000001,28.4670734,5708
 Manager- Admission,2 - 7 yrs,Ghaziabad,"Teaching , Education , Training , Counselling","Education, Teaching, Training",Other,77.45268496,28.721831599999998,3367
 Sales Head for It Consulting Company in Gurgaon,4 - 8 yrs,Gurgaon,"Sales , Retail , Business Development","Recruitment, Staffing",Sales/Business Development Manager,77.00270015,28.42826235,2522
 Adeeba Group is Currently hiring for US Inbound Tech Process.,2 - 7 yrs,Kolkata,"ITES , BPO , KPO , LPO , Customer Service , Operations","IT-Software, Software Services",Associate/Senior Associate -(Technical),88.35769124,22.5414185,2739
 Mechanical Engineer Require For Shut Down,5 - 10 yrs,Kolkata,"Production , Manufacturing , Maintenance","Oil and Gas, Energy, Power, Infrastructure",Service/Maintenance Engineer,88.35769124,22.5414185,2459
 CARE Specialist,2 - 5 yrs,Ahmedabad,"ITES , BPO , KPO , LPO , Customer Service , Operations","Printing, Packaging",Associate/Senior Associate -(NonTechnical),72.5797068,23.0216238,1678
 Opening For Fresher,0 - 1 yrs,Chennai,"ITES , BPO , KPO , LPO , Customer Service , Operations","BPO, Call Centre, ITeS",Associate/Senior Associate -(NonTechnical),80.270186,13.0836939,6591
 Technical Support Associate / Technical Sales Associate-Inbound Voice ,0 - 3 yrs,Kolkata,"ITES , BPO , KPO , LPO , Customer Service , Operations","IT-Software, Software Services",Associate/Senior Associate -(Technical),88.35769124,22.5414185,5972
 Head of Maintenance,12 - 18 yrs,"Mumbai,Pune","Production , Manufacturing , Maintenance","Automobile, Auto Anciliary, Auto Components",Head/VP/GM-Production/Manufacturing/Maintenance,73.85682537,18.52930005,6176
" Tcs Hiring For Support Analyst - Bigdata(apache Hadoop,aws Certified)",2 - 6 yrs,Chennai,"IT Software - Application Programming , Maintenance","IT-Software, Software Services",Software Developer,80.270186,13.0836939,4642
 Job Opening For Corporate Sales (insurance Broking) Mumbai/ Bangalore,3 - 8 yrs,"Mumbai,Bengaluru","Sales , Retail , Business Development",Insurance,Sales/Business Development Manager,77.57184720000001,13.0002869,2977
Spring Boot, 3 - 8 Years, Bengaluru,"IT Software - Application Programming , Maintenance",IT-Software / Software Services,Team Lead/Technical Lead,77.590082,12.9767936,5170
 Sr. Engineer Design (Mechanical),2 - 6 yrs,Pune,"Engineering Design , R&D","Strategy, Management Consulting Firms",Senior Design Engineer,73.8544541,18.521428,2998
 Senior Manager Cost & Program Management,6 - 9 yrs,Bengaluru,Purchase / Logistics / Supply Chain,"Internet, Ecommerce",Purchase/Vendor Development Manager,77.590082,12.9767936,6415
 Outbound Sales Executive,1 - 5 yrs,Pune,Other,Other,Other,73.8544541,18.521428,6063
 US Tech Process,0 - 1 yrs,Kolkata,"ITES , BPO , KPO , LPO , Customer Service , Operations","IT-Software, Software Services",Associate/Senior Associate -(Technical),88.35769124,22.5414185,4291
" Community Manager,",0 - 1 yrs,Bengaluru,"Hotels , Restaurants","Travel , Hotels , Restaurants , Airlines , Railways",Front Office/Guest Relations Executive/Manager,77.590082,12.9767936,5975
 Software Engineer- Mobile Applications - Android,3 - 8 yrs,Bengaluru,"IT Software - Application Programming , Maintenance","IT-Software, Software Services",Software Developer,77.590082,12.9767936,1915
 Hardware Board Design Engineer,3 - 8 yrs,Bengaluru,"IT Software - Embedded , EDA , VLSI , ASIC , Chip Design","IT-Software, Software Services",Software Developer,77.590082,12.9767936,5066
 Corporate Head - Operations,5 - 10 yrs,Mumbai,"ITES , BPO , KPO , LPO , Customer Service , Operations","Security, Law Enforcement",Head/VP/GM-Operations,72.8773928,19.075989899999996,5426
 HR Recruitment Executive,1 - 3 yrs,Noida,"HR , Recruitment , Administration , IR","BPO, Call Centre, ITeS",Recruitment Executive,77.3271074,28.5707841,5525
 Software Engineer Android,2 - 6 yrs,Pune,"IT Software - Application Programming , Maintenance","IT-Software, Software Services",Software Developer,73.8544541,18.521428,4995
 Sales Coordinator,0 - 2 yrs,Ahmedabad,"Sales , Retail , Business Development","Retail, Wholesale",Counter Sales,72.5797068,23.0216238,2453
 Ecommerce Executive,0 - 5 yrs,Gurgaon,"ITES , BPO , KPO , LPO , Customer Service , Operations","BPO, Call Centre, ITeS",Associate/Senior Associate -(NonTechnical),77.00270015,28.42826235,2912
 Team Lead / Dev Lead,5 - 7 yrs,Bengaluru,"IT Software - Application Programming , Maintenance","IT-Software, Software Services",Team Lead/Technical Lead,77.590082,12.9767936,3472
 Andriod Developer,0 - 2 yrs,"Mumbai,Mumbai Suburbs",Other,"Media, Entertainment, Internet",Other,72.9249,19.0637885,6374
 Physics Teacher,4 - 6 yrs,Mumbai,"Teaching , Education , Training , Counselling","Education, Teaching, Training",Physics Teacher,72.8773928,19.075989899999996,5664
 Manager Sales &amp; Marketing,12 - 15 yrs,"Delhi NCR,Mumbai","Sales , Retail , Business Development","Chemicals, PetroChemical, Plastic, Rubber",Sales/Business Development Manager,121.0977529,14.671973199999998,6661
 Design Engineer,2 - 7 yrs,Hyderabad,"Engineering Design , R&D","IT-Software, Software Services",Design Engineer,78.4740613,17.360589,2555
 VERY Urgent Opening for IT Recruiter & Non IT Recruiter !! Apply NOW ,1 - 5 yrs,Pune,"HR , Recruitment , Administration , IR","Recruitment, Staffing",Recruitment Executive,73.8544541,18.521428,5520
 Associate,0 - 3 yrs,Bengaluru,"Accounts , Finance , Tax , Company Secretary , Audit","Accounting, Finance",Accounts Executive/Accountant,77.590082,12.9767936,2192
 Receptionist (Female),1 - 5 yrs,Delhi,"Executive Assistant , Front Office , Data Entry","Banking, Financial Services, Broking",Receptionist,77.22193879999999,28.6517178,3410
 Senior .NET Developer,2 - 7 yrs,"Ahmedabad,Ahmedabad","IT Software - Application Programming , Maintenance","IT-Software, Software Services",Software Developer,72.5797068,23.0216238,1670
 Supply Chain - Import Export Executive,1 - 2 yrs,Chennai,Purchase / Logistics / Supply Chain,"Automobile, Auto Anciliary, Auto Components",Logistics Executive,80.270186,13.0836939,1838
 Walk-in Drive for Java Dev/sr. Dev on 29th June at Delhi,2 - 7 yrs,Noida,"IT Software - Application Programming , Maintenance","IT-Software, Software Services",Software Developer,77.3271074,28.5707841,2257
 Hiring for Spring Boot Developer-noida,2 - 3 yrs,Noida,"IT Software - Application Programming , Maintenance","IT-Software, Software Services",Software Developer,77.3271074,28.5707841,4379
 Dynamic CRM Architect,8 - 12 yrs,Bengaluru,"IT Software - ERP , CRM","IT-Software, Software Services",Technical Architect,77.590082,12.9767936,2417
 SE / SSE - DATA,3 - 8 yrs,Bengaluru,"IT Software - Application Programming , Maintenance","Telcom, ISP",Software Developer,77.590082,12.9767936,5800
 Hiring for Accounts Manager (business Development)- Radio In,2 - 6 yrs,Mumbai,"Sales , Retail , Business Development","Media, Entertainment, Internet",Sales/Business Development Manager,72.8773928,19.075989899999996,5115
Urgent Openings for O2C, 0 - 2 Years, Gurgaon,"Accounts , Finance , Tax , Company Secretary , Audit",Accounting / Finance,Accounts Executive/Accountant,77.00270015,28.42826235,2662
 ARCHITECTURAL CAD,2 - 7 yrs,Kolkata,"Architecture , Interior Design","Construction, Engineering, Cement, Metals",Architect,88.35769124,22.5414185,3895
 Assistant Manager Purchase,10 - 12 yrs,"Gurgaon,Manesar","Supply Chain , Logistics , Purchase , Materials","Electricals, Switchgears",Purchase Executive,76.92637867,28.32470955,2207
 Hiring for Manager Quality ( Voice and Chat),3 - 6 yrs,Delhi NCR,"ITES , BPO , KPO , LPO , Customer Service , Operations","BPO, Call Centre, ITeS",Quality Assurance/Quality Control Manager,77.12121479999999,28.688243800000002,5672
" South Indian Cook,",2 - 5 yrs,Bengaluru,"Hotels , Restaurants","Travel , Hotels , Restaurants , Airlines , Railways",Executive/Master Chef,77.590082,12.9767936,3668
 Sharepoint Support Engineer,5 - 8 yrs,Bengaluru,"IT Software - Network Administration , Security",IT-Hardware & Networking,Technical Support Engineer,77.590082,12.9767936,4677
 Asst Sales Manager_ API_ Chemical Distribution_ Mumbai,7 - 12 yrs,Mumbai,"Sales , Retail , Business Development","Chemicals, PetroChemical, Plastic, Rubber",Sales/Business Development Manager,72.8773928,19.075989899999996,4098
 Java- Technical Lead- Tavant Technologies - Hyderabad,5 - 9 yrs,Hyderabad,"IT Software - Application Programming , Maintenance","IT-Software, Software Services",Team Lead/Technical Lead,78.4740613,17.360589,6454
 Hiring For Oracle Apps DBA@ Hyderabad,10 - 20 yrs,Hyderabad,"IT Software - DBA , Datawarehousing","IT-Software, Software Services",DBA,78.4740613,17.360589,5279
 Walk in For Pharmacist @ 1mg Technologies || Gurugram Sec 14,2 - 7 yrs,Gurgaon,"Medical , Healthcare , R&D , Pharmaceuticals , Biotechnology","Medical, Healthcare, Hospitals",Pharmacist/Chemist/Bio Chemist,77.00270015,28.42826235,2070
 HR Trainer,2 - 5 yrs,Bengaluru,"Teaching , Education , Training , Counselling","BPO, Call Centre, ITeS",Technical / Process Trainer,77.590082,12.9767936,6205
 Project Manager For Civil Work,10 - 20 yrs,Ahmedabad (Ellisbridge) ,"Production , Manufacturing , Maintenance","Real Estate, Property",Project Manager-Production/Manufacturing/Maintenance,72.57164159999999,23.022886,2387
 Vacancy For Motion Graphic Artist,5 - 7 yrs,Pune,Other,"IT-Software, Software Services",Other,73.8544541,18.521428,6180
 Business Associate,0 - 3 yrs,Gurgaon,"ITES , BPO , KPO , LPO , Customer Service , Operations","KPO, Research, Analytics",Associate/Senior Associate -(NonTechnical),77.00270015,28.42826235,1988
 Project Support Officer/Administrator,1 - 5 yrs,Chennai,"IT Hardware , Technical Support , Telecom Engineering","IT-Software, Software Services",Customer Support Engineer/Technician,80.270186,13.0836939,5330
" Immediate Requirement For Officer - IT @ Vibgyor High, Electronic City",1 - 6 yrs,Bengaluru,"IT Software - Application Programming , Maintenance","Education, Teaching, Training",System Administrator,77.590082,12.9767936,1542
 Procurement - MDM,2 - 7 yrs,Gurgaon,Purchase / Logistics / Supply Chain,"IT-Software, Software Services",Purchase/Vendor Development Manager,77.00270015,28.42826235,6851
 If You're an Experienced in International Tech Sales Then Call Us / In,1 - 4 yrs,Kolkata,"ITES , BPO , KPO , LPO , Customer Service , Operations","IT-Software, Software Services",Associate/Senior Associate -(NonTechnical),88.35769124,22.5414185,6184
 Senior Game Artist,3 - 8 yrs,Mumbai,IT Software - Telecom Software,"Animation, Gaming",Graphic/Web Designer,72.8773928,19.075989899999996,4353
 Manager (PR),5 - 8 yrs,Noida,"ITES , BPO , KPO , LPO , Customer Service , Operations","Education, Teaching, Training",Associate/Senior Associate -(NonTechnical),77.3271074,28.5707841,6753
 Senior Engineer Project,2 - 5 yrs,"Manesar,Gurgaon,haryana","Site Engineering , Project Management","IT-Software, Software Services",Project Manager-IT/Software,76.92637867,28.32470955,3887
 PERL Developer,6 - 8 yrs,Bengaluru,"IT Software - Application Programming , Maintenance","BPO, Call Centre, ITeS",Software Developer,77.590082,12.9767936,6509
" SME Techincal Supervisor_ Red Hat, Fuse, Apache, Camel_magarpatta",12 - 16 yrs,Pune,"IT Software - Application Programming , Maintenance","IT-Software, Software Services",Subject Matter Expert,73.8544541,18.521428,6571
 Manager Brand Marketing,4 - 7 yrs,Mumbai,"Marketing , Advertising , MR , PR , Media Planning","FMCG, Foods, Beverage",Product/Brand Manager,72.8773928,19.075989899999996,2257
 Oracle Fusion Apps_manufacturing_any Location,6 - 11 yrs,"Bengaluru,Pune","IT Software - ERP , CRM","IT-Software, Software Services",Functional Outside Consultant,73.912743,18.232257,6517
 VP / Sr.vp Fire,17 - 27 yrs,Delhi NCR,"Production , Manufacturing , Maintenance","Real Estate, Property",Safety Officer/Manager,77.12121479999999,28.688243800000002,5622
 Data Science Engineer,5 - 10 yrs,Bengaluru,"IT Software - Application Programming , Maintenance","Medical, Healthcare, Hospitals",Software Developer,77.590082,12.9767936,2638
Executive - Lab Instruments Maintenance, 3 - 7 Years,Bengaluru,"Other Employment Type: Full Time, Permanent",Pharma / Biotech / Clinical Research,"Equipment installation, calibration, validation and maintenance. Maintain the master list for preventive maintenance and calibration of GLP AND NONGLP Instruments Preparing the IQ,OQ,PQ Documentation for new equipment during installation Attend and rectifying the CENTRIFUGE,CO2 INCUBATOR ,HPLC, CENTRIFUGE, CELLCOUNTER, HPLC, ROTAVAPORS, INCUBATORS, WATER PURIFICATION SYSTEMS, FPLC breakdown issues Attend and rectifying the HPLC breakdown issues Coordinating with Vendors, Projects team, Validation team and end-users for installation and qualification (IQ, OQ and PQ) of all the Biologics department equipment. Zero down time maintenance of all laboratory department equipment. Maintaining stock of equipment accessories, spares and consumables as per requirement. To assist, attend and Execute Preventive Maintenance/Breakdown Maintenance for Various Biology and Analytical equipment. Attend breakdown Maintenance calls and Perform routine Preventive Maintenance for Instruments like CENTRIFUGE, CELLCOUNTER, HPLC, ROTAVAPORS, INCUBATORS, WATER PURIFICATION SYSTEMS, HEATING STIRRERS, FLASH CHROMATOGRAPHY SYSTEMS AND VARIOUS BIO-ANALYTICAL INSTRUMENTS IN JUBILANT BIOSYS. Working with Scientists to ensure smooth running of the Equi Salary: Not Disclosed by Recruiter Industry: Pharma / Biotech / Clinical Research Functional Area: Other Employment Type: Full Time, Permanent",77.590082,12.9767936,2273
 Immediate job Opportunity For Printer Engineer in Mumbai - Vashi,1 - 2 yrs,Navi Mumbai,"IT Hardware , Technical Support , Telecom Engineering",IT-Hardware & Networking,Customer Support Engineer/Technician,73.0198537,19.0308262,2111
 When you need a Roof you need a job. Come work with us,3 - 8 yrs,Kolkata,"ITES , BPO , KPO , LPO , Customer Service , Operations","IT-Software, Software Services",Associate/Senior Associate -(NonTechnical),88.35769124,22.5414185,6408
 Senior Data Analyst,2 - 7 yrs,"Mohali,Chandigarh",Analytics & Business Intelligence,"KPO, Research, Analytics",Data Analyst,76.6511232,30.7442722,2867
" Java / J2EE, Web Services also experienced in AngularJS",2 - 6 yrs,Bengaluru,"IT Software - Application Programming , Maintenance","IT-Software, Software Services",Software Developer,77.590082,12.9767936,6050
 Senior US IT Recruiter / Senior US Recruiter,1 - 5 yrs,Hyderabad,"HR , Recruitment , Administration , IR","Recruitment, Staffing",Recruitment Executive,78.4740613,17.360589,2793
 Sales Manager,4 - 9 yrs,Chennai,"Sales , Retail , Business Development","Advertising, PR, MR, Event Management",Sales/Business Development Manager,80.270186,13.0836939,4726
 Accounts Executive For 1-2 Years Experience,1 - 2 yrs,Noida,"Accounts , Finance , Tax , Company Secretary , Audit","BPO, Call Centre, ITeS",Accounts Executive/Accountant,77.3271074,28.5707841,2026
 Inbound Tour Manager,2 - 7 yrs,Noida,"Travel , Tours , Ticketing , Airlines","Travel , Hotels , Restaurants , Airlines , Railways",Tour Management Manager/Senior Manager,77.3271074,28.5707841,3387
 Swimming Pool Technician,1 - 3 yrs,Bengaluru,"Site Engineering , Project Management",Other,Maintenance Engineer,77.590082,12.9767936,4718
Data Science Manager, 8 - 12 Years,"Pune,Gurgaon","Other Employment Type: Full Time, Permanent",Strategy / Management Consulting Firms,"ZS pioneers in sales force and marketing analytics applying optimization techniques to sales force and marketing investment problems. We have grown significantly and are now recognized global leaders in sales and marketing consulting. A key enabler of our services is leveraging data in delivering client solutions. The data available about customers across Healthcare and multiple industries is getting richer and the problems that our customers are trying to answer continue to evolve. In our endeavor to stay ahead of curve in providing solutions to these evolving complex business problems, ZS has set up a Data Scientist track which has following major focus areas: Research the evolving datasets and newer information sources to understand the possibilities Apply advanced analytical techniques and algorithms to improve current as well as develop cutting edge offerings/solutions Deliver client impact by collaboratively implementing and broad basing these solutions Provide thought leadership by developing the ZS Point of View in the industry The Manager position is the precursor to the Associate Principal and Principal Positions, and therefore part of the ZS leadership ladder. Every Manager leads one or more Spaces, i.e. business units focused either on a specific client, or a specific expertise area. Therefore ZS Data Science Managers are responsible for strong analytical expertise, knowledge and experience of various machine learning algorithms, tools & big data technologies, leveraging this knowledge for innovation, thought leadership, stakeholder relationship management, effectively coaching and responsible for people growth and defining-running-refining their space operating models, guided closely by Principals. Managers leverage their experience to take responsibility for providing analytical solutions across projects, deliver quality work for clients and lead client and ZS-leader relationships from beginning of their tenure. Provide expertise in architecting and implementing analytical solutions for projects Manage projects and assist in managing stakeholder relationships Direct multiple projects simultaneously, honing analytical and project management skills Motivate, coach and serve as a role model for space team members Provide thought leadership and innovation within projects and across practice areas Partner with onshore colleagues to develop new business with existing and new clients Develop and implement specific frameworks for strategy and programs Contribute to ZSs capability building and knowledge creation Coach, mentor, and conduct training programs Play an active role in India office growth related initiatives (e.g. recruiting, training, etc.). Required Candidate profile Managers have 8 - 12 years work experience in industry through consulting work or within an industry leader (a combination of experience is preferred) BE/ B.Tech / BS (stats) from Tier-1 institute would be required. PhD in Computer Science (OR Statistics) / M.Tech / MS from a premier institute would be highly preferred Substantial experience in Machine Learning Knowledge of big data/ advanced analytics concepts and algorithms text mining, social listening, recommender systems, predictive modeling, etc. Knowledge of programming Java/Python/R Exposure to tools/platforms Hadoop eco system and DB systems Agile project planning and project management skills Excellent communication skills In addition, we seek individuals with the following Desire to make a business impact for our clients Leadership experience Personal initiative and strong work ethic Self-motivation and detail orientation Organization & planning skills Communication skills Salary: Not Disclosed by Recruiter Industry: Strategy / Management Consulting Firms Functional Area: Other",77.00270015,28.42826235,2506
 Associate Vice President - Talent Acquisition - Campus Hiring Program,12 - 18 yrs,Bengaluru,"HR , Recruitment , Administration , IR","IT-Software, Software Services",Head/VP/GM-Recruitment,77.590082,12.9767936,5757
 Governance & Performance-Performance Management-Professors,7 - 10 yrs,Hyderabad,"Teaching , Education , Training , Counselling","Education, Teaching, Training",Lecturer/Professor,78.4740613,17.360589,1816
 Operations - SME / Retail,12 - 15 yrs,Mumbai,"Financial Services , Banking , Investments , Insurance","Recruitment, Staffing",Head/VP/GM-Operations,72.8773928,19.075989899999996,6944
 Assistant Manager - HR Operations,4 - 6 yrs,Pune,"HR , Recruitment , Administration , IR","IT-Software, Software Services",HR Manager,73.8544541,18.521428,2647
 Senior Business Analyst - Sql/python,3 - 5 yrs,Delhi,"IT Software - DBA , Datawarehousing","IT-Software, Software Services",Business Analyst,77.22193879999999,28.6517178,2973
" .NET Developer (asp.net, MVC, C#)",2 - 5 yrs,Hyderabad,"IT Software - Application Programming , Maintenance","IT-Software, Software Services",Software Developer,78.4740613,17.360589,6630
 Head- Land Management.,20 - 26 yrs,Gurgaon,"Legal , Regulatory , Intellectual Property","Real Estate, Property",Head/VP/GM-Regulatory Affairs,77.00270015,28.42826235,3707
 Sr. Business Analyst,2 - 5 yrs,Hyderabad,"IT Software - Application Programming , Maintenance","Recruitment, Staffing",Business Analyst,78.4740613,17.360589,1817
 CNC Machine Operator,2 - 3 yrs,"Ahmedabad,Gandhinagar","Production , Manufacturing , Maintenance","Industrial Products, Heavy Machinery",Factory Head,72.5822818,23.1154284,6034
 Executive,5 - 10 yrs,Ahmedabad,"Architecture , Interior Design","Pharma, Biotech, Clinical Research",Architect,72.5797068,23.0216238,4555
 Presales Manager - Networking,3 - 8 yrs,Mumbai,Other,IT-Hardware & Networking,Other,72.8773928,19.075989899999996,6026
 Inside Sales Executive,3 - 5 yrs,"Delhi NCR,Bengaluru","Sales , Retail , Business Development","IT-Software, Software Services",Sales Executive/Officer,121.0977529,14.671973199999998,5338
 Customer Care Executive,0 - 1 yrs,Delhi NCR,"ITES , BPO , KPO , LPO , Customer Service , Operations","BPO, Call Centre, ITeS",Fresher,77.12121479999999,28.688243800000002,4752
 HR - Talent scout specialist,2 - 4 yrs,Thane,"HR , Recruitment , Administration , IR","IT-Software, Software Services",Head/VP/GM-HR,72.97017790000001,19.1943294,3948
 Sr. Sales Manager,8 - 10 yrs,Mumbai,"Sales , Retail , Business Development","IT-Software, Software Services",Sales/Business Development Manager,72.8773928,19.075989899999996,3816
 Laundry Executive,1 - 3 yrs,Mumbai,"Hotels , Restaurants","Travel , Hotels , Restaurants , Airlines , Railways",Housekeeping Executive/Assistant.,72.8773928,19.075989899999996,1950
 Accounts executive,2 - 7 yrs,Pune,"Accounts , Finance , Tax , Company Secretary , Audit","Recruitment, Staffing",Accounts Executive/Accountant,73.8544541,18.521428,3634
 MBA HR - Experience,5 - 10 yrs,Hyderabad,"HR , Recruitment , Administration , IR","IT-Software, Software Services",HR Manager,78.4740613,17.360589,4379
 System Analyst,2 - 3 yrs,Pune,"IT Software - Application Programming , Maintenance","Media, Entertainment, Internet",System Analyst,73.8544541,18.521428,3638
 Account Assistance,2 - 3 yrs,Pune,"Accounts , Finance , Tax , Company Secretary , Audit","Internet, Ecommerce",Accounts Executive/Accountant,73.8544541,18.521428,6372
 Senior Embedded Engineer,3 - 5 yrs,Ahmedabad,"IT Software - Embedded , EDA , VLSI , ASIC , Chip Design","IT-Software, Software Services",Team Lead/Technical Lead,72.5797068,23.0216238,4199
 Urgent Opening For Asst. Manager-it Infrastructure - Mumbai,4 - 7 yrs,Mumbai,"IT Software - Application Programming , Maintenance","Banking, Financial Services, Broking",Technical Support Engineer,72.8773928,19.075989899999996,1874
 Java Developer,4 - 8 yrs,Bengaluru,"IT Software - Application Programming , Maintenance","IT-Software, Software Services",Software Developer,77.590082,12.9767936,3145
 Sr. Software Engineer Android/Hybrid,3 - 5 yrs,Hyderabad,IT Software - System Programming,"IT-Software, Software Services",Software Developer,78.4740613,17.360589,4535
 Principal Engineer-Piping,15 - 18 yrs,Mumbai,"Engineering Design , R&D","Construction, Engineering, Cement, Metals",Technical Lead/Project Lead,72.8773928,19.075989899999996,2691
 Business Analyst - Structured Finance,1 - 4 yrs,Gurgaon,"IT Software - Application Programming , Maintenance","Banking, Financial Services, Broking",Business Analyst,77.00270015,28.42826235,5537
Solution Architecting, 8 - 12 Years, Gurgaon,"IT Software - Application Programming , Maintenance",IT-Software / Software Services,Technical Architect,77.00270015,28.42826235,6851
 Sales / Business Development,15 - 20 yrs,"Bengaluru,Chennai","Sales , Retail , Business Development","Recruitment, Staffing",Head/VP/GM/National Manager -Sales,77.55536409999999,13.0155238,4064
 Consultant,12 - 16 yrs,Pune,"IT Software - Application Programming , Maintenance","BPO, Call Centre, ITeS",Outside Technical Consultant,73.8544541,18.521428,4683
 Network & Security Architect- Pune,8 - 13 yrs,Pune,Other,"IT-Software, Software Services",Other,73.8544541,18.521428,1834
 Business Development Manager,1 - 3 yrs,Mumbai,"Sales , Retail , Business Development","IT-Software, Software Services",Sales/Business Development Manager,72.8773928,19.075989899999996,5681
 Assistant Vice President - Stock Broking - Delhi,3 - 8 yrs,Delhi NCR,"Sales , Retail , Business Development","Banking, Financial Services, Broking",Head/VP/GM/National Manager -Sales,77.12121479999999,28.688243800000002,3935
 Production Manager in Press Shop & Projection Welding,10 - 15 yrs,Greater Noida,"Production , Manufacturing , Maintenance","Automobile, Auto Anciliary, Auto Components",Production Manager,77.51376490000001,28.4670734,4859
 salesfoce Developer +3Years / Mumbai,3 - 8 yrs,"Mumbai,Pune","IT Software - Application Programming , Maintenance","IT-Software, Software Services",Software Developer,72.840292,18.9560691,4106
 Social Media Executive,0 - 1 yrs,Hyderabad,"Marketing , Advertising , MR , PR , Media Planning","Media, Entertainment, Internet",Social Media Marketing Manager,78.4740613,17.360589,5029
 Business Advisor,0 - 3 yrs,Kolkata,"Sales , Retail , Business Development","Strategy, Management Consulting Firms",Sales Executive/Officer,88.35769124,22.5414185,4045
" IT Recruiter, Technical Recruiter",0 - 4 yrs,Noida,"HR , Recruitment , Administration , IR","IT-Software, Software Services",Recruitment Executive,77.3271074,28.5707841,1702
 SAP PLM Consultant - SAP MM Module,10 - 15 yrs,Hyderabad,"IT Software - ERP , CRM","IT-Software, Software Services",Outside Consultant,78.4740613,17.360589,5553
 Python Manager - IIT/ IIM/ DSE/ ISI,3 - 6 yrs,Bengaluru,"IT Software - Application Programming , Maintenance","IT-Software, Software Services",IT/Networking-Manager,77.590082,12.9767936,2383
 Marketing Manager - Activation - Iit/nit,2 - 5 yrs,Mumbai,"Marketing , Advertising , MR , PR , Media Planning","IT-Software, Software Services",Marketing Manager,72.8773928,19.075989899999996,6366
 Hiring .Net Developers for Hyderabad Location,3 - 6 yrs,Hyderabad,"IT Software - Application Programming , Maintenance","IT-Software, Software Services",Software Developer,78.4740613,17.360589,5419
 Senior BI Cognos Developer,7 - 12 yrs,Mumbai,"IT Software - DBA , Datawarehousing","Recruitment, Staffing",Software Developer,72.8773928,19.075989899999996,4428
 Technical Support Engineer,2 - 5 yrs,Pune,IT Software - Other,"IT-Software, Software Services",Technical Support Engineer,73.8544541,18.521428,2457
 Senior Drupal Developer,5 - 10 yrs,Hyderabad,"IT Software - Application Programming , Maintenance","IT-Software, Software Services",Software Developer,78.4740613,17.360589,2905
 Pre Sales Executive,2 - 4 yrs,Pune,"Sales , Retail , Business Development","Real Estate, Property",Pre Sales Consultant,73.8544541,18.521428,4474
 Head - Sales &amp; Strategy (telematics),7 - 12 yrs,Gurgaon,"Sales , Retail , Business Development","Internet, Ecommerce",Head/VP/GM/National Manager -Sales,77.00270015,28.42826235,4304
 Sales Engineers,1 - 2 yrs,Chennai,"Sales , Retail , Business Development","IT-Software, Software Services",Sales Executive/Officer,80.270186,13.0836939,3037
 Senior Laravel Developer,3 - 5 yrs,Ahmedabad,"IT Software - Application Programming , Maintenance","IT-Software, Software Services",Software Developer,72.5797068,23.0216238,4403
 Hub-Incharge Bangalore,2 - 3 yrs,Bengaluru,Purchase / Logistics / Supply Chain,"Recruitment, Staffing",Logistics Manager,77.590082,12.9767936,6376
" QA - Associate , - Business - Operations - DM",3 - 5 yrs,Mumbai,"IT Software - Application Programming , Maintenance","Advertising, PR, MR, Event Management",Software Developer,72.8773928,19.075989899999996,2065
 Staff Nurse,2 - 5 yrs,Gurgaon,"Medical , Healthcare , R&D , Pharmaceuticals , Biotechnology","Recruitment, Staffing",Nurse,77.00270015,28.42826235,1624
 Back Office Executive|data Entry Operators|domestic BPO,0 - 3 yrs,"Mumbai,Pune","ITES , BPO , KPO , LPO , Customer Service , Operations","BPO, Call Centre, ITeS",Fresher,72.840292,18.9560691,4066
 Sr Equity Advisor - 5 nos,6 - 11 yrs,Ahmedabad,"Financial Services , Banking , Investments , Insurance","Banking, Financial Services, Broking",Equity Manager,72.5797068,23.0216238,3655
 Data Scientist - Sql/nosql,2 - 6 yrs,Mumbai,Analytics & Business Intelligence,"IT-Software, Software Services",Data Analyst,72.8773928,19.075989899999996,6276
 Hiring For Day Shift Non Voice Sal. Up To 24K,0 - 4 yrs,Gurgaon,"ITES , BPO , KPO , LPO , Customer Service , Operations","BPO, Call Centre, ITeS",Associate/Senior Associate -(NonTechnical),77.00270015,28.42826235,6458
 React.js Developer,1 - 3 yrs,Pune,"IT Software - Application Programming , Maintenance","Recruitment, Staffing",Software Developer,73.8544541,18.521428,1637
 Physics- TGT,2 - 5 yrs,Delhi,"Teaching , Education , Training , Counselling","Education, Teaching, Training",Physics Teacher,77.22193879999999,28.6517178,5805
 Technical Sales Executive -mumbai,2 - 7 yrs,Mumbai,Other,"Construction, Engineering, Cement, Metals",Other,72.8773928,19.075989899999996,2750
 Urgent Opening - Hp-ux Administrator,3 - 8 yrs,Delhi NCR,"IT Software - Application Programming , Maintenance","IT-Software, Software Services",System Administrator,77.12121479999999,28.688243800000002,5404
 Support Executive,1 - 3 yrs,Mumbai,"Sales , Retail , Business Development","IT-Software, Software Services",Telesales/Telemarketing Executive/Officer,72.8773928,19.075989899999996,4775
 J. Stores - Manager,2 - 4 yrs,Pune,"HR , Recruitment , Administration , IR","Oil and Gas, Energy, Power, Infrastructure",Training Manager,73.8544541,18.521428,2509
 Product Manager,5 - 7 yrs,Bengaluru,"Marketing , Advertising , MR , PR , Media Planning","Banking, Financial Services, Broking",Product/Brand Manager,77.590082,12.9767936,2282
 Draughtsman,5 - 10 yrs,Mumbai,"Architecture , Interior Design","Recruitment, Staffing",Draughtsman,72.8773928,19.075989899999996,5829
 Senior Java Tech Lead - Spring Boot/ Data Structure,5 - 10 yrs,Bengaluru,"IT Software - Application Programming , Maintenance","IT-Software, Software Services",Team Lead/Technical Lead,77.590082,12.9767936,5901
 BCOM (hiring for Top4) Internal Audit /compliance Call Vikas,2 - 7 yrs,"Delhi NCR,Gurgaon","Accounts , Finance , Tax , Company Secretary , Audit","Accounting, Finance",Accounts Executive/Accountant,77.10436033,28.42208445,3807
 ETL Datastage Developer,10 - 15 yrs,Hyderabad,"IT Software - DBA , Datawarehousing","IT-Software, Software Services",Software Developer,78.4740613,17.360589,2302
 Technical Lead,6 - 11 yrs,Bengaluru,IT Software - System Programming,"IT-Software, Software Services",Team Lead/Technical Lead,77.590082,12.9767936,5467
 Specialist - DV,4 - 8 yrs,Bengaluru,"IT Software - Application Programming , Maintenance","Accounting, Finance",Software Developer,77.590082,12.9767936,6808
" Office Assistant, Office Boy",0 - 2 yrs,Mumbai,Other,"Courier, Transportation, Freight , Warehousing",Other,72.8773928,19.075989899999996,5312
 MES camster/apriso/hydra engineer,2 - 6 yrs,Mumbai,"IT Software - Application Programming , Maintenance","IT-Software, Software Services",Software Developer,72.8773928,19.075989899999996,3187
 HR PMO Professional,6 - 9 yrs,Pune,IT Software - Other,"IT-Software, Software Services",Project Manager-IT/Software,73.8544541,18.521428,6556
 Principal Consultant,0 - 4 yrs,Hyderabad,"IT Software - Application Programming , Maintenance","IT-Software, Software Services",Functional Outside Consultant,78.4740613,17.360589,2833
 Urgent Requirment For Central Processing Center- Mumbai,1 - 6 yrs,Mumbai,Other,"Banking, Financial Services, Broking",Other,72.8773928,19.075989899999996,4855
 Cognos TM1 Developer (4 6 years),6 - 11 yrs,Bengaluru,"IT Software - Application Programming , Maintenance","IT-Software, Software Services",Software Developer,77.590082,12.9767936,3584
 Smart Web Developer,1 - 5 yrs,Delhi,"IT Software - Application Programming , Maintenance","IT-Software, Software Services",Software Developer,77.22193879999999,28.6517178,3400
 Manager- Compensation and Benefits,10 - 15 yrs,Mumbai,"HR , Recruitment , Administration , IR","Media, Entertainment, Internet",Pay Roll/Compensation Manager,72.8773928,19.075989899999996,1617
 Civil Architect,5 - 10 yrs,Mumbai,"Architecture , Interior Design","Strategy, Management Consulting Firms",Architect,72.8773928,19.075989899999996,4164
 Reconciliation Executive,0 - 2 yrs,Mumbai,"ITES , BPO , KPO , LPO , Customer Service , Operations","IT-Software, Software Services",Associate/Senior Associate -(NonTechnical),72.8773928,19.075989899999996,5777
 Oracle Sales Cloud Developer,3 - 8 yrs,Pune,"IT Software - Application Programming , Maintenance","IT-Software, Software Services",Software Developer,73.8544541,18.521428,4016
 Opening For Sales and Marketing_nariman Point ,2 - 7 yrs,"Mumbai,Mumbai Suburbs","Sales , Retail , Business Development","Banking, Financial Services, Broking",Area Sales Manager,72.9249,19.0637885,3170
 Finance & OPS - Technical Consultant (dynamics Ax/365) @ Bangalore,2 - 7 yrs,Bengaluru,"IT Software - Application Programming , Maintenance","IT-Software, Software Services",ERP Consultant,77.590082,12.9767936,4922
 Business Development Manager-digital / Export,5 - 8 yrs,Noida,"Sales , Retail , Business Development","Internet, Ecommerce",Sales/Business Development Manager,77.3271074,28.5707841,5866
 Sr. Software Engineer,4 - 9 yrs,Hyderabad,"IT Software - Application Programming , Maintenance","IT-Software, Software Services",Software Developer,78.4740613,17.360589,1515
 Website Designer,0 - 2 yrs,Gurgaon,"Design , Creative , User Experience","IT-Software, Software Services",Web Designer,77.00270015,28.42826235,1946
 Tech caller hiring a huge number of Executives.,2 - 5 yrs,Kolkata,"ITES , BPO , KPO , LPO , Customer Service , Operations","IT-Software, Software Services",Associate/Senior Associate -(NonTechnical),88.35769124,22.5414185,1511
